,Events & Listings
2023-01-01,83
2023-01-08,59
2023-01-15,80
2023-01-22,71
2023-01-29,81
2023-02-05,80
2023-02-12,77
2023-02-19,66
2023-02-26,58
2023-03-05,65
2023-03-12,50
2023-03-19,66
2023-03-26,55
2023-04-02,54
2023-04-09,64
2023-04-16,43
2023-04-23,53
2023-04-30,61
2023-05-07,60
2023-05-14,55
2023-05-21,59
2023-05-28,64
2023-06-04,61
2023-06-11,56
2023-06-18,53
2023-06-25,52
2023-07-02,52
2023-07-09,58
2023-07-16,75
2023-07-23,84
2023-07-30,71
2023-08-06,71
2023-08-13,82
2023-08-20,63
2023-08-27,72
2023-09-03,71
2023-09-10,76
2023-09-17,60
2023-09-24,64
2023-10-01,73
2023-10-08,79
2023-10-15,75
2023-10-22,80
2023-10-29,60
2023-11-05,68
2023-11-12,71
2023-11-19,66
2023-11-26,63
2023-12-03,82
2023-12-10,82
2023-12-17,72
2023-12-24,74
2023-12-31,78
2024-01-07,60
2024-01-14,68
2024-01-21,67
2024-01-28,59
2024-02-04,95
2024-02-11,84
2024-02-18,72
2024-02-25,74
2024-03-03,59
2024-03-10,68
2024-03-17,66
2024-03-24,80
2024-03-31,72
2024-04-07,64
2024-04-14,78
2024-04-21,67
2024-04-28,75
2024-05-05,61
2024-05-12,56
2024-05-19,64
2024-05-26,68
2024-06-02,57
2024-06-09,70
2024-06-16,82
2024-06-23,91
2024-06-30,100
2024-07-07,87
2024-07-14,73
2024-07-21,69
2024-07-28,69
2024-08-04,84
2024-08-11,86
2024-08-18,70
2024-08-25,77
2024-09-01,78
2024-09-08,73
2024-09-15,71
2024-09-22,70
2024-09-29,72
2024-10-06,74
2024-10-13,65
2024-10-20,68
2024-10-27,81
2024-11-03,75
2024-11-10,77
2024-11-17,73
2024-11-24,85
2024-12-01,66
2024-12-08,65
2024-12-15,99
2024-12-22,72
2024-12-29,97
2025-01-05,79
2025-01-12,75
2025-01-19,68
2025-01-26,76
2025-02-02,65
2025-02-09,81
2025-02-16,80
2025-02-23,76
2025-03-02,75
2025-03-09,67
2025-03-16,65
2025-03-23,71
2025-03-30,70
2025-04-06,67
2025-04-13,81
2025-04-20,68
2025-04-27,81
2025-05-04,71
2025-05-11,76
2025-05-18,64
2025-05-25,74
2025-06-01,65
2025-06-08,75
2025-06-15,79
2025-06-22,87
2025-06-29,80
2025-07-06,79
2025-07-13,92
2025-07-20,93
2025-07-27,91
2025-08-03,100
2025-08-10,82
2025-08-17,82
2025-08-24,73
2025-08-31,77
2025-09-07,89
2025-09-14,70
2025-09-21,58
2025-09-28,72
2025-10-05,63
2025-10-12,64
2025-10-19,75
2025-10-26,71
2025-11-02,73
2025-11-09,64
2025-11-16,86
2025-11-23,75
2025-11-30,78
2025-12-07,73
2025-12-14,73
2025-12-21,94
2025-12-28,83
2026-01-04,88
