,PC1,PC2,PC3,PC4,PC5,PC6,PC7,GDP_Growth
2015-12-27,-15.978560726640648,-2.862328684464881,-1.135520552025735,-1.5728310533481216,-0.2575622352271529,0.8519543332470574,-0.0393145434158048,
2016-01-03,-12.44099327187911,-2.1059374060985747,-0.1206277340720845,-1.5759105199790735,2.3019615709121624,1.5638812404101887,0.0413224369510546,
2016-01-10,-14.549635548905648,-1.6274420101059517,-0.6178196869901128,0.0743281131837337,1.3173020293661182,1.957564996327758,-0.8028400849939379,
2016-01-17,-15.102033336061336,-1.7680788794884614,-1.3193234381867498,0.3556245556278844,0.1046773011761758,-0.2880430352049489,0.3025938163770481,
2016-01-24,-15.070801791909131,-1.6891836317940592,-1.0953201142831026,1.02971709645813,0.0522398441227486,-0.0161631162631146,-0.1876307952947395,
2016-01-31,-14.70995057646122,-1.1544233350601725,-2.167539661825361,0.978273610085828,1.06721299279508,2.017382712784291,-0.6472810030521201,
2016-02-07,-14.761141801209105,-1.713836781343187,-1.5550793157080145,0.6468392024005357,0.3448270599958725,0.5019619643368477,-0.921221988948922,
2016-02-14,-15.250937905613585,0.2298907716450873,-0.9498230103562892,-0.0543731305382148,0.0805457559998248,0.1345789111049216,0.5500057858135609,
2016-02-21,-15.218436523587975,-1.1104425712475332,-2.0715448807825942,-0.1535599159577022,1.1030280397667973,1.2624331267709616,0.1390341604474572,
2016-02-28,-14.192902136840363,-1.2038617163015617,-1.1742961985496057,-0.4718646113706398,0.350815770019997,0.2910917205872692,0.9582319818296996,
2016-03-06,-14.778122503317467,-1.4186020684000114,-1.3431883433359395,0.8932829705666285,-0.4199504801246713,-0.0707597167508285,1.0187866432433947,
2016-03-13,-15.428034346159338,-1.404902880020951,-1.3295317765761667,0.1726551574706812,0.8760635626280816,1.473508328684267,0.3585831447787703,
2016-03-20,-15.197634201928013,-1.6719804819330573,-1.4923053381508864,0.8037243554733954,-0.3198267842441526,-0.2157736342575044,0.7641573606781262,
2016-03-27,-14.034910351303118,-1.1156173447975632,-1.08283318831175,1.192114940718744,-0.4765135183945753,0.3592285307472487,0.2279230791936496,6.7
2016-04-03,-13.803611880887038,-1.629042827512487,-0.9492981066765374,1.1476544958792088,1.2651303538197356,0.5528224042842194,-0.3882504406286985,
2016-04-10,-14.42621407902984,-2.199311008114044,-1.184643577318967,1.0722454569484396,0.5057018528460183,0.8652056014790768,0.2579222979875705,
2016-04-17,-14.85664379945697,-0.9451717331133942,-0.8122915555731518,1.466427712016823,-0.0063413985784332,0.755366394400551,-0.1143379963965217,
2016-04-24,-13.232121288016527,-0.4052651006459373,-0.6438208303228744,-0.3904056826200558,0.3327341773630085,-1.1477486608954466,0.4306399860321909,
2016-05-01,-12.804390066125356,-1.284103779587095,-1.3463297918377997,0.5043052355091175,0.9229917844868212,0.5840305695066789,-0.3495929400749298,
2016-05-08,-14.63740533206435,-2.099285285936553,-1.6252018356900853,0.7721510058406542,0.4336204279408133,-0.3358775647247013,0.4312298105672627,
2016-05-15,-15.165142079945342,-1.577808664302473,-1.2931477640730826,0.1680154748253678,-0.1936166797293528,0.1100169577942406,-0.5935655056255953,
2016-05-22,-14.138939158361646,-0.442328572294034,-2.8950062373423955,-0.2818847089667755,1.6872220264146185,0.1070287778812185,-0.5063038431031919,
2016-05-29,-11.803776657272085,-1.885135671466644,-0.9200072082367494,-0.7106543767648208,0.7292342426042513,0.0490663038610328,0.0723074046001459,
2016-06-05,-12.457224982445991,-0.9786287481974868,-1.467583931631825,0.1865745421491283,0.8361537033104941,0.5498880961291928,-1.6720938573117698,
2016-06-12,-12.320668054252076,-1.5360628615388467,-1.3348997669768397,-0.0666673668413888,-0.0307422862229639,0.7098822149234326,-0.169408204334538,
2016-06-19,-12.424239744731844,-1.6224058389451486,-1.5417410310131163,0.0786149517178809,0.6143201868630098,1.4063133241926355,-0.2773770785324535,
2016-06-26,-11.723076498034368,-1.2385975159415383,-1.2194488336749938,0.0777447390449449,0.5005971085057063,0.2229452561060046,0.3680185383941703,4.4
2016-07-03,-12.595894173611953,-0.549268456643496,-1.2824611654370697,0.3811301024850217,-0.0672620673909312,-0.5519004228993161,1.05306996385101,
2016-07-10,-11.857297693561252,-2.1409200028270363,-1.354042330778541,-0.3668447873570215,-0.2826354106877043,1.3495647114360674,0.6088147720898571,
2016-07-17,-12.256519405238649,-0.9194420986465456,-1.0252454035507923,-0.1962590158033041,0.9093760098643752,-0.2399715179403477,2.1653623414963423,
2016-07-24,-10.81879504895662,-0.9753504444446532,-1.5062211433944075,0.5276061254732218,0.7804964796110881,-0.4347612943595604,2.010156600019537,
2016-07-31,-10.809627185539242,-0.9319003827038616,-0.5951283761295207,1.253609442814571,0.7895377424267759,0.3068344831714938,0.4130309711674732,
2016-08-07,-10.252257852069691,-1.3832952094935154,-0.4664459456467124,-0.1889179926774823,1.2192327060065868,2.363368699089594,0.6761250692461936,
2016-08-14,-9.33514181973172,-1.0509216201710574,0.3446146351306814,1.3111993863094935,0.2323277762242664,0.6627060491724108,0.2297357014984435,
2016-08-21,-9.97566823244461,-2.4474268002024817,-1.1434307082030302,1.2673822501431906,0.6538977348057715,0.4427527915039738,0.2848326274340932,
2016-08-28,-10.365083212612523,-0.6840319250323529,-0.6654561991330127,2.342998625800471,0.4056777976215532,-0.584060956818401,0.7143581553231803,
2016-09-04,-9.983216878797508,-1.575603956191324,-1.1728585401479303,0.997837743289918,0.2219941118927107,-0.6773812041933427,1.0596638023989176,
2016-09-11,-10.277377854653366,-1.147256890085846,-1.3524434107033518,-0.0709874930919307,0.2759327858378911,0.7354898832867394,2.8099214958538696,
2016-09-18,-8.435364863476638,-1.7335505276139749,-0.7947364769291142,0.038141219056398,2.084022091322436,1.0947450233992797,0.8711750052176478,
2016-09-25,-8.296781326257545,-2.5949890777674414,-0.486181117330799,0.5166572322910339,1.4032428773781718,0.5351726343215275,1.5490832574838345,2.9
2016-10-02,-8.735399847115936,-1.4834840178589153,-1.0004968390330111,-0.2927983301322086,1.5789426103378206,2.455269236781473,0.0726072310138517,
2016-10-09,-8.085021295005024,-1.7732671026078122,-1.0712538033876613,0.4741803642016032,1.0585337952024887,0.7027329330272003,0.8156420801309612,
2016-10-16,-7.143066173918252,-0.9592305914251812,-1.377173580324038,0.0261640472340845,1.3592985191495306,-1.1044966216785768,0.945942107965704,
2016-10-23,-7.1426135957864005,0.020874725548576,-1.1035902953718986,-0.6833947230096368,1.759683326628824,1.1225916250972596,2.6085828089879866,
2016-10-30,-7.145285240568623,-0.6821364298761604,-1.323328098051912,0.1765501533454512,1.422592520856513,0.5875674083932056,0.6871999139500212,
2016-11-06,-6.964857005769949,-1.116510117450619,-0.6116166627283071,0.6229778363371454,-0.0942703597908522,-0.376130109293988,1.586643986285444,
2016-11-13,-7.195364206005106,-1.0633724913756797,-0.6701804482324122,0.2015845372661264,0.6308834573297604,-0.2348089991716373,0.9027973302508944,
2016-11-20,-6.395020129137934,-1.1187422638114477,-0.3012691620225608,0.5339118750850926,-0.0912681575465458,0.1329050338003078,1.3294448863564314,
2016-11-27,-6.525951858449965,-0.825531811106126,-0.6991048708034474,0.7721471101982217,0.3876502956036505,0.2671122993034311,0.672961224528471,
2016-12-04,-6.048531863171853,-1.2618941526559693,-0.5977571967988149,0.217438082856133,1.0613035940946738,0.2990914268488879,0.9601708578762368,
2016-12-11,-7.10013226571402,-0.4549723701288738,-1.0880460896437725,-0.1825183331647976,1.1558039308606445,0.7021329703375458,0.5927718217228574,
2016-12-18,-4.009318736083442,-0.3197271420530013,-0.3696189439465987,0.1655955632707083,1.298557173463084,1.442346675620271,0.4556932948842618,
2016-12-25,-5.658254271611389,-0.6854397633187755,-0.7881830912811607,1.9007359198718232,0.1188104583290159,-0.4557109849113561,0.0100923903982732,6.2
2017-01-01,-5.0073372501542295,-0.8422750066457009,-0.5174001380094609,-0.0684650825633092,1.075513795361422,0.5135274337746919,0.5886660569750688,
2017-01-08,-4.627637217913809,-0.8728741032829781,-0.2037455585342393,-2.1165593384120265,1.173321086163835,-0.9271763394914708,2.698929181796601,
2017-01-15,-4.2487364724139525,-0.5275364949355934,-0.4853396832433745,-0.4604359763886131,1.1456617622052063,0.3362104030111424,0.2102797871508072,
2017-01-22,-3.6921081348875138,-0.5017921544281476,-0.2314609204380781,-0.4021610774416253,0.9057183457812809,0.2423755833896427,0.1981731823087198,
2017-01-29,-3.49995310691587,-0.949447142775236,0.9007659063533217,-0.2347825516722488,-0.4086884488712806,-1.0228080027642066,1.0487056669337365,
2017-02-05,-4.978273476345545,-0.3270635734263178,0.1524891595352151,-0.4289511533556261,0.4454439146279876,0.7239005010890143,0.2236300056588758,
2017-02-12,-3.148896689326897,-1.3140533305463074,-0.0796994816120675,0.2587410569742059,0.6810951989745303,0.3213775343010482,-0.1285527453672904,
2017-02-19,-1.9770553673654732,-0.831524763967898,0.6144894637681758,0.1670532144615857,0.3322069557331589,-0.5151314599701903,0.3609252850584621,
2017-02-26,-2.0381883937246177,-0.3137825613642787,-0.2844995301860852,-0.2579675205970206,0.9918128210158096,0.7808239330614336,-0.2126943749791632,
2017-03-05,-2.007400897078367,0.2015050644355557,0.0702816226854251,-1.37126958627335,1.558929240327935,0.0054466061423194,1.004327736214127,
2017-03-12,-0.9892228412344908,-0.5199683432139621,0.1517070421215934,-0.4793281835789665,-0.4657639757063081,0.3288334629471786,0.560767245703269,
2017-03-19,-0.4604025525582844,-0.1226242302476813,0.160080410217722,-0.4634440421409486,0.4693795056445828,-0.4935895593171273,0.345732379018169,
2017-03-26,-0.1218587361938587,-0.365965445975391,-0.1223415494548717,-0.188177735681577,0.1680258915325585,-1.4282464675062505,-0.0916084146009912,7.3
2017-04-02,-0.2832597739019999,-0.2088059158561087,-0.0998407039041781,0.2472914497808594,0.037731784659199,-0.3841388457879604,0.2350719809328045,
2017-04-09,0.8158311440160017,-0.1566430112844515,-0.2782852838998963,-1.0015764159509772,0.7036618956159398,-1.6340089504518915,0.4675792009161615,
2017-04-16,1.453572882195688,-0.0416398138166911,0.31912496106182,0.2199642023899632,0.2537708448600113,-0.8549051103253633,0.6157506112793185,
2017-04-23,0.8798670215050565,-1.2436003567309766,-0.0693182618708016,0.93218489911614,0.7980850016952961,0.2248123017389134,-0.5364229248425857,
2017-04-30,0.5182025049660408,-0.1536962873226593,0.7179633044380213,-0.3393046167661362,0.5268414119855622,-0.570567525373027,0.7005369482440226,
2017-05-07,-0.3340586966839509,0.500151967468109,0.8039791660162272,-0.3801565850556619,0.1218096037178175,-0.1284364107580705,0.3078041558942446,
2017-05-14,3.092626407948649,-0.0570321662945737,0.5877153083222485,0.1393961357361177,0.3469639239824449,-0.4618541196273892,0.4610154196344631,
2017-05-21,2.6677146045117746,-0.6841080381375254,2.0132345336675948,0.3624833278063828,-0.6951565097773623,-0.1377229863077494,0.2694365714718968,
2017-05-28,1.0127137994613018,-0.0959601960399264,-0.0227028823576602,0.1927800547355946,-0.2754318162871558,-0.7695107599590082,1.1832333887891375,
2017-06-04,1.1806822592943145,-0.0999513726816342,0.3496438039218374,1.2104858906942746,-0.4844085883849897,-1.554878768711282,0.5409082466841201,
2017-06-11,2.358622055065268,0.4216197874597395,0.0743598279407211,0.175631820589283,0.7387504665270789,-0.0743721645953891,0.4295294033688979,
2017-06-18,2.5062997621972687,1.968630931803032,1.2774028547405205,-0.5362603835550785,-0.628447627542064,-0.9671496235751867,1.1095928111474622,
2017-06-25,2.0785557278618643,0.1704792481221705,0.3080389303560672,0.0244856211127793,-0.0019205248458929,-0.3160763392546519,0.7079596131271352,4.3
2017-07-02,3.3932026416038883,-0.7901242786762561,0.402372593803423,0.218099622965879,-0.2541942941472447,-1.56954931355909,-0.225490940730224,
2017-07-09,4.106036955215774,0.0841059252136799,0.9706433660315502,-0.0200082431915742,-0.4990485256343495,-1.746608061664649,0.1648129420934821,
2017-07-16,4.769726578528977,-0.2965677429242895,0.2112792345157632,-0.364180209443991,0.361849293946438,0.1092207195500811,-0.49604488351159,
2017-07-23,4.326885465669728,0.2229507152103368,0.9573915547273304,-0.3584231289338587,0.2007032857542317,0.2334274607764805,-1.4484542445975808,
2017-07-30,4.305687246766484,0.1419031989105878,0.5162860581281464,-0.3357542982247358,-0.038292645875125,-0.2744091870159375,-0.5200446604549509,
2017-08-06,4.012462671739298,0.1045622088577135,0.0630615788078972,-0.5270838074973131,0.3607332713290374,-0.9229936077980924,-0.5565571929028781,
2017-08-13,6.031101034100902,0.1461901045909976,0.0942847021957178,-2.345694270187268,1.239710459169525,0.1065922514012977,-0.9644740894843876,
2017-08-20,5.247380772620909,0.6213211108875478,0.6424870384308347,-1.0741900984632309,0.3916012346532141,-0.1842347516905171,-0.5427595155801068,
2017-08-27,5.042750297076389,0.0041752519338743,0.5907089826740879,-2.056524004082134,-0.223195120118801,0.0580556026934032,-0.3923013977950443,
2017-09-03,5.474128884948259,-0.2286506175035105,0.6794695351245399,-0.557986201051843,0.460390872235719,-0.1320120750625628,-0.8978398773885985,
2017-09-10,7.024233324945465,0.3518993598946258,1.8197722552205624,-0.187981079248826,0.1498998295550873,-0.8341623926590023,-1.7737230623333042,
2017-09-17,6.390986762379559,0.9382192907333012,0.6554730331157251,-0.8280640512559121,-0.2753118496217635,-1.2766259374439457,-0.2640468460389414,
2017-09-24,6.569561900666243,0.7507019290929974,0.7683146554590004,-0.1290814946760621,-0.4670216023226065,-1.2309043738497931,-0.4670836334237009,6.0
2017-10-01,5.850473485785776,1.1124375708078813,1.0228223473166946,-0.179733004369065,-1.5019094003635045,-2.9985937043545645,1.8253111599438392,
2017-10-08,7.148806709358209,1.1109808365928728,1.3166374780378964,-0.5103638357306842,-0.441529016012876,-0.3079836631651149,-1.0531879759989322,
2017-10-15,7.05091347942524,0.5896887824548348,1.0617514997717423,-0.7818025031897652,-0.4457153838273938,-1.0407781060988872,-0.3799677460213005,
2017-10-22,7.366183117290422,-0.2047994155558874,1.0070775483786956,0.3758867091883355,-0.6917788854849156,-0.8296814908968461,-2.06336302860781,
2017-10-29,6.788697040350475,0.3805845195795211,1.350751855091557,0.1685118631158922,-1.2628588676936612,-1.0893455767804754,-0.31482913085573,
2017-11-05,7.835295466608896,0.7824300699421731,0.5380629461557481,-0.8862183401884992,0.3304705560303846,0.4528107263220307,-1.1322696835634505,
2017-11-12,8.600646203747017,1.0227056603765576,1.0124141241588096,-0.229897719197137,-0.3104420985116891,0.4416717379048205,-0.7931206082214372,
2017-11-19,8.065330901395837,0.6579076258840911,0.6182709881562443,0.007608791920975,0.2432147921890814,-0.3702006614504297,-1.1485779734354384,
2017-11-26,7.497669604589495,1.154743263181494,0.3751569521436143,0.7642595096426542,0.4418350856864312,-0.6408536975391738,-0.4391843596285779,
2017-12-03,8.22950320389168,1.1124285841516024,1.11482058474391,0.1802450046982422,-1.1108056261508177,-1.3459180820014212,-0.9878023918419976,
2017-12-10,9.014507774459677,0.4880995295500926,1.286160390045916,0.5727460883543538,-1.102036637305102,-1.2204629733828587,-0.0994716665043278,
2017-12-17,8.562033541293616,0.5962086821634137,0.914438374058836,-0.5011987156024915,-0.3440158010719817,0.299205251742799,-0.9389090132332726,
2017-12-24,8.83321033822984,0.5782346761296333,0.9105093598468538,-2.2317060897723,0.6287527415729205,0.482974506674133,-0.0357274000860393,
2017-12-31,7.977505129475474,0.7734789427723869,0.5280690716290906,-0.7799483703073479,-0.5041164865091979,-2.210645352518953,-1.614150876607538,8.0
2018-01-07,9.598301455717936,0.5872962782945441,1.0481672650157932,1.1095525430805175,-0.8374860055718539,0.3192720937464088,-2.279605060703104,
2018-01-14,8.569464373144735,0.4815830609435623,1.2861174857331237,0.0256245433233125,-0.6549110770804791,-0.4266949770568863,-0.375268330169672,
2018-01-21,8.489848602894467,0.4135689968011334,0.7474426292614226,-0.049217285825406,-0.1921242136835623,-0.43480896618264,-0.1097279429544959,
2018-01-28,8.74763120015007,0.5931335115828343,0.6420384278046183,-0.4016814053518527,0.5651053186365723,0.4780531582602916,-0.3434223526468283,
2018-02-04,9.108160676899246,0.6501236538144601,0.4141794241235501,0.6677242533850661,-0.8843494629719835,-1.392227260665157,0.3231102922466968,
2018-02-11,8.451787957022086,0.7858475094720958,0.4795398562612554,0.8703884841866789,-1.1681283106537592,-1.2303628270293467,0.3052274667241466,
2018-02-18,8.367958581361604,1.465027398371677,0.6972065770937281,0.7862405000213835,-0.0108177660837336,-0.6873728613476516,0.3383467807772958,
2018-02-25,7.762418525428528,0.5539300557880539,1.2196758876283824,-0.0282092576011789,-0.0308761677820027,0.556454288705704,-0.5634497495542446,
2018-03-04,7.66459571927636,0.0279810051278886,0.1876298360300718,1.3785185205590775,-1.1690448580441597,0.2824632272322744,-1.0706203448653833,
2018-03-11,7.704928464789773,1.353546052246391,0.9693668170706152,0.8289433835241984,1.2870325974710095,0.201037794857042,-0.7323514878045428,
2018-03-18,7.999571324380327,0.532916485163571,1.34485246429063,0.0427045789631282,0.1829522003308846,0.4920468322819487,-0.6119562858880511,
2018-03-25,7.873323985036976,0.623264678914618,0.7235548071344089,0.3588995996665294,-0.4123280778038647,-0.1448657478296835,0.1425760822785778,3.7
2018-04-01,7.949780444240896,0.5713551118149308,0.388160459621125,0.0896628489670399,-0.0269635264177449,-0.0457854307265069,-0.056462579564,
2018-04-08,9.426733980570216,0.8123856390431174,1.4678711691230493,-0.4660739902110284,0.5825783179053641,1.037841018489622,-0.4002967611677732,
2018-04-15,5.880107606688052,0.2255801677304053,0.7490935204034403,-0.0986122147535717,-0.3017202605021555,-0.1740848772694859,-0.406956922723341,
2018-04-22,7.137887946788929,0.1486230860701646,1.1553768196575755,-0.5357314551085413,-0.3747259443850604,-0.3817111756566108,-0.4632292078285305,
2018-04-29,7.067220665504193,0.0896772018431981,0.950661691863151,-0.4037401525984374,0.3898363684761061,0.5271919230776374,-0.6759009492351126,
2018-05-06,9.42911123423706,0.555549303521083,0.7920111015998159,0.0931947806520477,0.0942283177964414,-0.7141549442857933,-0.3270436893196365,
2018-05-13,8.037062052546041,0.3947668435838992,0.7631267943256738,0.1655654799621944,0.0870174906433259,-0.5468918259088114,-0.2264273394981707,
2018-05-20,7.748471869785453,0.0679087560219657,0.5341963498147241,0.4476380566007559,-0.2752934376412818,-1.3010830118625425,0.3293712547228049,
2018-05-27,7.498029344372446,0.2675158077507561,0.5696373148606836,-0.1797774474523033,1.005642674723027,0.3701995606467445,-0.4864580950844437,
2018-06-03,8.29910950119303,0.257733406796779,0.7134139751038494,-1.4989101158956022,1.1166166789710157,0.6904451509058247,-0.268423598507519,
2018-06-10,7.444765534466662,0.2622724986447602,0.5773254657899463,-0.5303412600536548,0.1863188775434985,0.009273774344654,-0.2832637920180675,
2018-06-17,7.09898654639851,-1.0851386749164162,0.002645370134455,0.131150847420091,0.7831933219092135,-0.261147788221599,-1.182889991439259,
2018-06-24,6.756348564958086,2.176095267905131,1.1668359356775373,-1.2033103096318905,-0.035195200113985,0.307506415286111,-1.074962668535803,5.2
2018-07-01,6.796358460370152,0.9101203703381592,1.1890498680600596,-0.7391223485130558,0.3494370462841301,1.1578748354083666,-0.8078807483648792,
2018-07-08,6.703785003082417,0.5320564622019166,0.7143101960953746,-0.5877599677440207,0.2384694490823637,0.3730499127667658,-0.5231648573700531,
2018-07-15,6.710442074523177,1.1239698383849177,1.0915268377358869,-0.4432034611801828,-0.2701135263469397,-0.1056020814585894,-0.3611531063906253,
2018-07-22,6.553918555495554,0.1902253631774865,0.6994978932205353,-0.0461063506440009,-0.7260292837492702,-1.0707188934773402,0.38832571684059,
2018-07-29,6.823220434680394,0.3632666083763846,0.6215402417893396,-0.3378007601664719,-0.0425058382487853,-0.0145171704944313,-0.1043058474594602,
2018-08-05,7.0973859225192495,0.9541441949398192,0.7712967708242356,0.0819639652370447,-0.5418249645993792,-0.6834338309144079,-0.4268528694026802,
2018-08-12,6.132722453349253,0.2732251448905766,1.027979599232708,-0.4067445891176157,-0.0400598076701703,0.7089057115788907,-0.5405973330331856,
2018-08-19,5.945200058138124,0.0277992457413666,0.7922862217857691,-0.0302108847930314,0.4684719768959303,0.8802538258770051,-0.7252991374128334,
2018-08-26,6.731669534967901,0.1821403272882603,0.6161896829881939,-0.3805090227709946,0.5431782230679757,0.8964467705314779,-0.8663130909765477,
2018-09-02,6.441117767164502,0.3577770934171745,0.4218914440805358,0.2300369078119854,0.1075345476869175,-0.0695287476968848,-0.1755892692750816,
2018-09-09,5.869507143854427,-0.1440328098377769,0.0846967921618712,-0.0919356471459154,0.2359288013440615,-0.2403672772767029,-0.2824258959355695,
2018-09-16,5.484668241957249,0.3069269116269477,0.765491281105076,-0.0540853664188365,0.0946589077945635,0.4004496773378762,-0.5566380120966943,
2018-09-23,4.537369746144431,-0.2112821361735421,0.6249652126744281,-0.3079139640800649,-0.0196113590407852,-0.0508998811836726,-0.1744194075733939,
2018-09-30,6.146945885691372,1.3024819978564794,0.6640119417743109,-0.4024025456741411,0.5259011797238499,0.477254872543884,-2.0092344440762857,4.4
2018-10-07,5.5819143749318645,0.6261425414778142,0.4958911540631793,0.3649977612723916,0.4879399546311991,-0.7815788869952649,0.5165183681597771,
2018-10-14,5.436823496468686,0.4888211507247526,0.5519348700327096,-0.6127812914064682,0.8954562917617291,0.4538292990775366,0.8516367084884495,
2018-10-21,4.830080576957828,0.1813839062749576,0.5256112542267735,0.1233321821494394,-0.0622479511421999,0.7050074095931738,-0.4359926948401684,
2018-10-28,5.526809012945146,0.7912324519562816,0.2519082771116417,-0.0945884158352352,-0.2184085172256437,0.388483467113923,-0.2081825887346937,
2018-11-04,4.247273971029297,0.0156682318945683,0.4857072014030208,0.2772951188316141,-0.4344087622652086,-0.2774284743116444,0.0472616118808865,
2018-11-11,3.660349025847376,0.1867357198016248,0.1516455566290747,0.6553358835869523,-0.7869930569054798,-1.1121068731864336,0.1806653074725903,
2018-11-18,3.753050047443336,0.126209839719298,0.0477391087158928,0.2397520658696409,-0.4174060071674685,-0.0697213705230848,-0.1286533469252272,
2018-11-25,5.516546451870281,-0.7274057109248524,1.2788718820622371,-0.9024020548860758,-1.305823921924449,0.1925346771452208,-0.276374632646615,
2018-12-02,5.154541516873135,0.7308611636106204,0.6366399005831305,0.1156994949104389,1.3050550486098322,1.2999432045325965,0.0937370014011109,
2018-12-09,5.507147041181587,0.2356151716146573,0.3612564521018072,-0.5933899880427234,0.7150346460661089,1.374192569686696,-0.7366453414915565,
2018-12-16,4.862679547868967,-0.1478956440873082,0.8374496467368135,0.62659335656193,-0.0924196659457574,-0.0266079506656107,-0.1587809780571542,
2018-12-23,4.638151917647652,-0.0404017261281666,0.7635512217755961,0.134482415322378,-0.1851946077182162,-0.95547708655581,1.5044501152663008,
2018-12-30,4.892884202652281,-0.1691945424744992,0.9077446559787712,0.1891617299750028,-0.7612577718654433,1.372680628023618,1.173100565069503,-3.5
2019-01-06,4.746007642344322,0.013651013693335,0.786599685730543,0.0445722442710761,0.5013695640464517,0.5943154035584309,-0.2752835504561339,
2019-01-13,4.354547513622376,-0.066744917925352,0.9480677291854904,0.0927983289235615,-0.0916435080605398,0.1241112181303067,-0.0749716768256498,
2019-01-20,4.98523373881753,0.632445332802113,1.066944450595932,-0.5274590152081254,0.5982336382003747,0.6197277869817367,0.7026241128219554,
2019-01-27,5.264931106816479,0.4159366115786276,0.7778270167040261,-0.2390356775343435,0.243206909115354,0.7604126654101153,-0.5523053287774164,
2019-02-03,4.729449008306242,0.4979013815356564,0.8811894541536737,-1.3048509285787138,1.3287459867423466,1.6645065260257086,0.4238250962228208,
2019-02-10,5.3120966303414,-0.37173944872345,1.203254140360523,-0.6198045741052989,0.79484438084757,0.9255612481122956,-0.8404871701030602,
2019-02-17,5.001838253544006,-0.5033067691071964,0.7669987478800723,-0.7843398309086483,-0.301865937051217,1.077295184218252,-1.0651261830243777,
2019-02-24,5.521129731134302,-0.0345103930479994,0.2741647376152417,0.4353282590318131,-0.4347476161383831,-0.8734539359136987,0.5216928009126811,
2019-03-03,6.130757218209402,0.1917017078224189,1.0916660822492297,-0.5787739084824922,0.637138389029008,0.2954273715482423,-0.7643984404882241,
2019-03-10,6.187096882599209,0.2234943663176034,0.7935353378680385,-0.5103441614591647,0.2928884801480014,-0.2940079932507913,1.2212304808091154,
2019-03-17,5.249648785175454,0.2480933847897623,0.6516628875579028,-0.2942244407074325,0.2845838034324524,0.6171692578521786,-0.2045628298013732,
2019-03-24,5.620814562529009,-0.0366694170311848,1.0028323711285283,-0.1696284387899544,0.9708685865106632,0.7055482524972847,-0.8340656123438591,
2019-03-31,6.01015340344114,-0.2471880929071279,0.9558543253649416,0.1481286401607419,0.1444601177926392,-0.9337286129243678,-0.0274325539759913,-0.1
2019-04-07,6.396565254506666,0.0156009291773348,0.6024470051346023,0.1667259986157533,0.1197965960944371,-0.3002510492503981,-0.0400070781766796,
2019-04-14,4.620775769914428,-0.1949048139616503,0.7979316017495663,1.817274998623109,-0.928651874420884,-0.8306884239897658,0.2467767566658393,
2019-04-21,3.373756003402955,1.4150396687979987,-1.5369231420126088,2.355633675612168,-1.9430043479929937,-1.5298225295448908,1.957374635764535,
2019-04-28,4.892483971509003,0.7146308793194687,-0.5578708173574508,1.4711860903146796,-1.310507852065776,-1.5503336116092774,0.8023302537346095,
2019-05-05,5.417695823468683,1.195591298139783,0.1217767619796986,1.8265873284736132,-0.1577386858920408,0.618161312086897,-0.2295532213625556,
2019-05-12,3.622899073411593,0.8289218710198932,-0.2941727186766016,0.9071747296772334,-1.307959812863094,-0.3873081986681239,0.5646938342180018,
2019-05-19,5.408064264155177,0.7381486560920124,0.2060401886921275,-0.1074695458406731,-0.1491466780747992,1.2833398700546266,-0.392191719846632,
2019-05-26,6.767834450376228,0.734875008195686,0.5778486930341337,0.1721340998712089,-0.3976263021772195,0.7064132838258254,-0.51952712714379,
2019-06-02,6.8223742518395465,0.0289834733559305,0.5738208369088413,0.562080456743423,-0.7722970488150837,-0.3418115000595265,0.1893895576446866,
2019-06-09,7.027501816690443,-0.0015019945427271,0.6657482369294206,1.0573441886333634,-0.6289273485762048,-1.0432638041653723,0.259810057211605,
2019-06-16,7.99795014963956,0.5191581634028115,1.0769746217660212,0.4739338131097272,-0.1155671734883592,0.0433987650719894,-0.2609020482929927,
2019-06-23,8.91804011741334,-1.5961533931778995,0.4297893564413441,1.3116141187250046,-0.0314489223773381,-1.1980691582430054,0.3777175333575546,
2019-06-30,8.143241156073833,-0.128704976138482,0.4879165618428269,0.7122043803158591,-0.090991533560084,-0.2593993477130097,-0.2029085281002927,-1.8
2019-07-07,8.177525419460117,0.2145949675374998,0.6413630378107207,0.6126754740573729,-0.3827376795753782,1.2191424804236906,-0.9230619993995028,
2019-07-14,7.604676367159016,-0.0105684142424327,0.7162845781982349,0.8576372036979075,-0.5052613685830047,1.4782067793597118,-1.952453239768196,
2019-07-21,9.238888214849258,0.4192754019930718,0.6639531359271587,-0.1459550849942175,0.5950377032321685,2.166103369783693,-0.770564694100171,
2019-07-28,8.723841424222481,0.25127180470544,0.75564930346662,0.2560031938770207,0.2296198648762087,0.5907283518040448,-0.4091347120007964,
2019-08-04,9.025394293639186,0.2103591922827968,0.3636127872362795,0.485817843210511,-0.4680835466534196,0.2916879651984106,0.3413265367253305,
2019-08-11,8.173866961227725,0.2435912179133195,0.2374627147273395,0.8834116200248053,-0.4614621146014377,-0.0235398096765737,-0.0369449989491205,
2019-08-18,10.0255334721958,1.160000063620637,0.2377678618810265,0.4842777285988387,-1.1492282802980245,-0.4179775980222479,0.0655444859152499,
2019-08-25,9.706756006850608,1.1563192502377404,0.4774154395731509,0.0721297687966624,-0.558289201202925,0.4357910900532368,-0.1110572033057489,
2019-09-01,9.830596243582066,0.3018469680930652,0.9899677482765508,-0.0438297638540425,-0.3031628626471797,1.0965919602351588,-0.4141747216898246,
2019-09-08,9.86284862482604,0.8024217463861852,1.0145958564773978,-0.3470395761365337,0.2752116689031108,1.0609431725063954,1.0600234791660983,
2019-09-15,10.17007119034726,0.5838512432096016,0.71780949299912,0.0683272328619368,0.4640385677096281,0.8320288777206166,-0.3893005835656432,
2019-09-22,10.821453699886876,1.6919836908477657,1.0990104066363593,1.0099996568051623,0.6913733551166288,0.7863190665668117,0.1418264313398131,
2019-09-29,9.9430190716926,-0.5803106115766904,0.6652113777736929,0.5793783479630935,-0.0526681466715053,0.5984109099493439,-0.263895696571087,1.2
2019-10-06,9.928154389059406,0.2075993575361455,0.6159948484596287,-0.110034589399075,-0.8707515646722565,0.489729915167167,-0.3987296320266228,
2019-10-13,10.682423235659025,0.561794940943048,1.0127652219157324,0.6472871972718781,-0.3569570776059335,0.7662469638743417,-1.6558446255750323,
2019-10-20,11.653418573053017,0.5058596829712498,0.8208529256784126,-0.022129685187859,-0.2172532615660729,0.3806408564750259,0.002310957944748,
2019-10-27,11.343998100624,0.1661665785054835,1.027546391209775,0.2028323537007942,0.2699823735705909,1.238810338952642,-0.605499041203207,
2019-11-03,11.688360462989136,2.0784893156177864,1.444018562771726,0.0278717417956191,0.5648734573872223,1.6116464230559993,-0.0835353189043812,
2019-11-10,11.24126872653537,0.0160545010469175,0.259140878125761,0.630671550902446,-0.7398791830786849,-0.0947394766584801,0.345718910008028,
2019-11-17,13.523888759537012,1.2590508478393372,1.0659513510977623,0.6599218099326621,0.4430849656655534,1.2733781484230755,0.4040614547561375,
2019-11-24,12.680329720437172,0.6003793808489081,0.2362782913224514,0.0145493472705355,0.1992415617512762,0.4588467072790347,0.2546731832244097,
2019-12-01,12.71073159799751,-0.2130248155595198,0.5663930827718067,0.1083718131689302,-1.432145922801968,-0.682003471058635,-0.0966545694539375,
2019-12-08,12.107274841662049,0.5530214531117678,0.6037819931647609,0.3105575362880552,-0.1728475307603166,0.3488907709289897,-0.3340367401690769,
2019-12-15,13.7184431751704,0.7504859616326437,0.396689168180761,-0.0691045716242023,-0.0729100700865931,0.4204218664887047,-0.0555802398901082,
2019-12-22,13.917883833575672,0.7172275325287687,0.6136984419157546,0.007268192548079,0.276910500189341,2.165003258756806,-1.9273713795013825,
2019-12-29,14.937370626940837,0.9272957566138592,0.2606690880381413,0.6429199506376165,0.1458031674074716,1.6344970642891523,-0.295883545604927,-0.3
2020-01-05,13.552372400269329,2.330849983639282,0.8583401151446391,0.5809790553479075,0.2003547549394768,0.5808241042009059,0.6128961420771573,
2020-01-12,14.318595262442605,0.6471454491601865,0.2372022456594954,0.1549074090876265,0.1258824241031826,0.8371846656923599,-0.4221062397737893,
2020-01-19,15.083662604151408,0.5067215432618115,0.443021274693764,0.3490698342144146,-0.261915491097882,0.4486041151667,-0.0440646938924543,
2020-01-26,14.710352908948002,0.654174133525216,0.1931446718039714,0.5536931338934292,-0.7354191995892189,0.3582837847603703,0.1864945582577707,
2020-02-02,14.798307158291644,0.5825261002322695,0.4229971672968161,0.2073522252891128,-0.0782515132302149,0.42884700077607,0.0137273351790267,
2020-02-09,14.603664869820609,1.298054342127265,0.257050571132014,-0.8481888320389797,0.6552204368023161,1.259307306867912,1.173941043161971,
2020-02-16,15.284356992077356,1.2921344439312248,0.6495974422156894,0.3876511936658885,0.875630558050974,0.7598071250449763,0.3614046764921318,
2020-02-23,15.253640131063468,1.1140141164507202,0.7682109604252426,-0.5638803276631166,0.5468402793755932,1.2050372146162602,0.68314180615453,
2020-03-01,14.902724480545473,1.483940460856313,0.7833136742208308,0.5888117567156301,0.6000251159359226,0.7119143046867983,0.3008579080469408,
2020-03-08,13.80122206461825,1.836159265484826,-0.636832473274129,-0.5211425665099788,-1.6360986615037132,0.727292264001847,-0.4013648549615218,
2020-03-15,11.607084797646271,3.026478622347082,-2.685608588383021,0.4064859956005613,-1.6473285858502416,0.4908744225632167,0.1232707179658904,
2020-03-22,9.868706419225877,4.854650734623406,-4.603493847930825,-0.7082450475563359,-2.732904419213685,1.2088012294150647,0.2806150907842648,
2020-03-29,10.847443875545055,5.90873521622344,-6.840943987662408,-1.575547795661366,-2.1577602098106343,1.5477905466664934,1.2079243829365214,-0.9
2020-04-05,13.79385852390012,4.1324714885787,-5.241923353373187,0.5971779185417437,-2.9484362872215497,1.160860782472265,-0.6792493711687642,
2020-04-12,13.576509120277423,4.968573525231683,-5.939745280749816,-2.433591882635399,-0.0894977200544241,1.7058037658553666,-0.3581292606948349,
2020-04-19,14.253788719402564,2.925631089154342,-3.440963995258512,-2.659602204159419,1.2947023141174012,3.182932170822295,-2.248408396226868,
2020-04-26,13.334020303913848,3.522092135447256,-4.714977759237574,-1.767738857338464,0.1229228354897785,2.312942036252821,-0.8836593735630359,
2020-05-03,11.635459759852711,3.6144877839203975,-4.446796986062367,-3.497688334780095,-0.3238124057281348,0.3176248032171301,0.1051773618682954,
2020-05-10,14.870588945565624,1.9240293054138955,-3.111226388091568,-1.1089664549630776,1.602687309531269,1.8221880921194675,-1.2853830737553915,
2020-05-17,14.248692997684495,3.1662596871926434,-1.6760221394927677,-0.5995152609826492,1.6309978259730875,0.8270737916101764,0.701763492723325,
2020-05-24,13.446243968046549,2.084466064592718,-3.14122153126975,0.3616281266036504,2.0008949649855867,0.3431912490767988,0.1045681416075596,
2020-05-31,13.33188466586454,2.901523911244912,-2.1773344935798917,0.2161373978178112,1.2855567082220447,0.4963539315624911,0.0408755412097318,
2020-06-07,13.825484127250435,2.2292587116846705,-1.3375926203751611,-0.6513127008782795,2.716549590449062,1.717510902874916,0.7498710450754881,
2020-06-14,13.767601669934,0.9433299018299148,-1.92341233636517,-0.0091521351627095,1.1676328613913398,-0.4365067776923241,1.5517336833217183,
2020-06-21,14.005083331736628,2.385482035126026,-1.171338511522488,0.0938257924512457,2.2917149795536003,2.174108610310339,-0.7894810111037991,
2020-06-28,12.833877515542389,2.155219501282601,-3.1401191595775253,0.6004501766762265,2.398810242444384,-0.0362646540738014,0.7293705676238932,-17.1
2020-07-05,12.96214503011502,2.2718464752878544,-2.4999617814143167,0.053845938193156,3.2402266386290237,-0.6461756238443338,0.6484644182570213,
2020-07-12,13.618669017095977,2.04971679574188,-2.2523166368485468,-0.1269732426067013,0.7096157979913323,-1.9439749389365104,0.310271921166963,
2020-07-19,12.4796839639937,1.4157738082462628,-1.5542806854520042,0.6334227704156002,1.9247324114570183,-2.073689217942131,0.6239377543991816,
2020-07-26,12.18823369729185,0.9071786278826468,-2.005289191715596,0.252224102827866,1.2584155911493295,-0.7694817232743936,-0.0279208764062172,
2020-08-02,10.97490522458162,2.664066009819531,-1.0673481202514477,0.2375602117874361,1.856056484971145,-0.2005708736035844,0.143568623888236,
2020-08-09,12.818542362478247,1.6426908245042608,-1.142575886019962,0.3682243404907517,2.3766553744618,-0.7472586576695476,0.1337989556475035,
2020-08-16,11.364652881620234,0.3724269776837992,-0.8563262293945099,-0.3844351332442442,2.541117464850782,0.0004670545502747,-0.194231816357207,
2020-08-23,10.899005195164388,0.6039490661271608,-1.1535944567660037,0.5340235431134472,2.8582064812093453,-0.9938266554651513,0.554538563700819,
2020-08-30,10.433335818152091,2.278181663382425,-1.057159304610764,-0.5742173498554364,1.6538359701208774,-0.5928944371247986,-0.3495998217683598,
2020-09-06,11.063239082979925,1.503184665679738,-1.5060337883033452,0.0884671054888796,0.9620108759992496,-0.7356231922036204,-1.6178784804388302,
2020-09-13,10.247144324128776,2.6319172472602763,-0.6894261741158798,-0.1632835250843801,1.7474468638056566,-0.3331022875554564,0.1160115544726163,
2020-09-20,9.855284566134968,-0.5673940122415352,-0.802093841764571,-0.4948207821181338,0.8181573309868411,-1.1907734060780446,-0.5895976948113907,
2020-09-27,8.735074263703186,0.0359979595062412,-0.8949366858716387,0.6425177997969334,1.600069460015716,-1.014863715174203,-0.2511658152128982,-1.1
2020-10-04,8.400717560589362,0.1986060084683323,-1.7125099658311431,0.5726664934580287,1.042113923779458,-1.3140895055794362,-0.1988401095231557,
2020-10-11,8.704265419300619,0.4586119160870394,-2.378997670240117,0.084609759415737,1.2686449695408903,-2.4314323287522983,1.3532673584524364,
2020-10-18,7.391372821606545,0.1987964356922827,-2.374217111942649,0.7514271719294413,1.1010521991413844,-2.9243614063536727,0.092750042054481,
2020-10-25,6.305807241517969,0.9137191654965722,-2.543659480777266,0.3826074047092034,1.91804910620518,-2.0378728476537207,0.1047364208149727,
2020-11-01,5.558874876887172,-1.046970573839138,-3.9508287599803,1.3960673270643698,-1.064020355534768,-3.919229752950549,0.3576621134354922,
2020-11-08,7.138977607120395,0.9031163189394242,-2.0704447496241527,-0.4795781581786456,1.956990946577846,-0.7733732226498676,-0.9806965059423136,
2020-11-15,5.110694106044204,0.0240846306087013,-2.862752380722493,-0.5293795803480289,1.119613231703609,-1.6979592110959392,-1.2059688083671791,
2020-11-22,4.818290824395847,0.6410846415080328,-2.0520507252999187,0.1208716651270181,1.468931807104677,-0.8192988159326635,-1.0252998737498822,
2020-11-29,4.294071399013959,0.599102691721617,-2.0408650155255583,0.047379741781723,1.3700395335248834,-0.9093534431177284,-0.3715026538950833,
2020-12-06,4.833975444896673,0.0421674153066865,-2.1511756041891807,0.4368254524009708,0.957952063981583,-2.233360253301851,0.1296724137714615,
2020-12-13,2.692934053137996,0.3335202233090674,-2.510032841823182,-0.2023656905066885,1.6571434678242227,-1.4833204342478357,-0.225096619679945,
2020-12-20,2.69406640203419,0.1832738481528017,-2.586801611374147,0.2106172551353342,1.4665333994833116,-1.5022833566915457,-0.5131459240309469,
2020-12-27,0.3208846586749446,-0.0764574971475801,-1.9439535586109415,0.2534675656423586,1.860900905034316,-1.429325249599644,-0.7167699563882985,-0.5
2021-01-03,1.5239611418844146,-1.7230509220208143,-2.692825369909296,-0.0884755965680506,0.9210430402668685,-1.0149830463217284,-1.0026306180578783,
2021-01-10,0.713479009405041,0.210592572224525,-2.261473208467249,0.2656215268970314,1.0590382947199786,-0.7421940024383586,-0.4044808481528722,
2021-01-17,-0.6945332844893515,-0.494552973944874,-2.269043584349268,1.1200447173466737,0.6830025405476235,-1.927793028297102,-1.411554551136606,
2021-01-24,-1.2807086794456153,-0.1880297496289266,-2.07425489832655,-0.0463011173556133,2.0211994489870757,-1.0540118006152108,-0.7378581027950526,
2021-01-31,-1.251257653272346,-0.433192125363439,-1.7300339465414514,0.9192731949136088,0.8564285491347067,-1.35121553311454,-1.5809813757411355,
2021-02-07,-2.093572961424937,-0.6251961065735957,-2.18014417731632,0.8611241489524634,0.9644030338689068,-1.5514126450029762,-1.6937337669062789,
2021-02-14,-2.3893317677189194,-0.8100500419436473,-2.798450212452411,-0.0247699362186809,0.4170831261846939,-1.415466801262364,-0.7030606858224882,
2021-02-21,-3.4083674673993234,-0.6849208470833015,-2.3421351822038856,0.4949541343693038,0.7243750844700132,-0.747617465342765,-0.2971701016079991,
2021-02-28,-3.4224553116277434,-0.9689333036012988,-1.8531804529650275,0.5279443195199588,0.8677089616850142,-0.8416284654311104,-0.1005025771674498,
2021-03-07,-3.278655902495865,-2.776005729729795,-1.1437688161711768,1.1307396825284968,1.4584586209520902,-0.7227937651416274,-1.5358797882224955,
2021-03-14,-0.5856385381571231,-2.9215593376202054,1.0208375540906038,0.1041935776799007,2.5880582015162177,-0.1155801513658382,-0.7010740555826395,
2021-03-21,0.1946905628857665,-4.803364181053949,3.3036721746078963,0.948939786343291,3.12578627988855,-0.6010329431049413,-0.8171652616207501,
2021-03-28,-0.4554469260145641,-5.4226380952004085,5.771290265866331,1.1840227232451173,3.2771896402310268,0.1002662784468702,-0.6395903629375738,5.2
2021-04-04,-2.722028442283184,-3.1312403810849734,4.280323957245431,-0.4670790733591104,5.166794438241095,-0.2067888679292591,1.521167496137643,
2021-04-11,-6.192583183153717,-5.311498889131676,4.47342788039593,1.757432701090265,1.2674915990310285,-1.669748170056951,0.2615651996143195,
2021-04-18,-3.2111083988829283,-4.376655439392483,4.4099764046267245,0.8811903087587422,1.750445463308074,-0.8118813827419025,0.0241614100271559,
2021-04-25,-4.305662068889855,-4.268498818065525,3.4747155920880988,1.7588887851305897,0.8343687354022828,-2.1072364477757435,0.2157334780284457,
2021-05-02,-3.710203271169282,-4.555428674183501,2.7587957449961764,2.178382315314764,0.8302402815083446,-0.1368354660953397,-0.7612085883810761,
2021-05-09,-6.792765320269638,-1.1492706686292316,0.7667136778321721,0.3950060842187127,-0.3236891202561712,0.043750199858772,0.0250330503788275,
2021-05-16,-7.611600246931433,-2.8196329724456675,-0.6382388681106447,0.1155215313782203,-0.6222234967186748,-0.2040777107634299,-0.3064738001197314,
2021-05-23,-9.940964873343615,-2.1606149851744934,-0.0895240306834664,0.1288741330091869,-2.243355953828698,-0.5079473696882896,-0.6356619727528011,
2021-05-30,-8.977226214671425,-1.8354078035024224,-1.053799890441969,-0.5846899488433439,-0.6439437318069199,0.6993206016548769,-1.096466174867183,
2021-06-06,-10.246113836434793,-1.090892514928726,-1.625520240764307,0.752701299507116,-1.1413012377244312,0.1327123555431276,-1.8247630037660896,
2021-06-13,-11.279177378100004,-0.2763097239884,-1.4786716419176134,0.5821412505722544,-0.191349690577036,0.0093893842687644,-0.3646563000653727,
2021-06-20,-12.500761916364125,-2.551859867902045,-1.7689555730222122,0.1280510728725971,-1.190055294517004,-0.611353017125809,-0.4757967953601816,
2021-06-27,-12.07999820507484,-0.4777814870277581,-0.0821290485765979,-0.3506052434827781,-1.0700700811292876,0.1487644941888874,-0.974435392870193,13.2
2021-07-04,-12.849581391739356,-2.731386071566866,-0.7317694686218927,0.1705221050046622,-1.879719941976274,-0.0432418623178249,-0.7757577444718566,
2021-07-11,-13.726240425252785,-2.858602550077792,-0.8221549582166775,0.6995378254004418,0.3616048093028105,0.4996619068451671,-0.3470626395071326,
2021-07-18,-14.43229198947847,-1.85311878822588,-1.0950009969339516,0.5617258458292702,0.1271082534986243,1.0980059314912929,-0.7759115777600113,
2021-07-25,-14.83481929886034,-1.4253909693661904,-0.7194977783128967,0.9044283985769536,0.3239259822708114,0.4050403963979881,-0.3864322782224652,
2021-08-01,-15.1547908761808,-3.5474063530605893,-1.6455146266858618,-0.0130468421608399,-0.5535715884837467,0.1932262428554689,-1.3421338973818793,
2021-08-08,-17.005076259393572,-2.3550869573792084,-2.926142679610224,0.1075908562291101,-1.7977532369105993,-0.7220469666007485,-0.2817999877549991,
2021-08-15,-17.136268591183935,-1.8146915589549104,-3.6122576296819,1.634315635830513,-2.75289213336353,-1.9070887408879813,0.5960815312627439,
2021-08-22,-18.396372846100057,-1.491949673417018,-3.075924804696184,0.9851580160701532,-1.8944506770262084,-0.8731863214535686,-0.4661976854777088,
2021-08-29,-18.28438459621116,-3.055669899702617,-3.5462330708036687,1.2136507083763686,-1.5868912874005987,-1.2108802040432298,-0.031130073443227,
2021-09-05,-19.278112414413545,-2.588343655252747,-2.765857873323213,0.9126884307144156,-1.1416372962866774,-0.2851828275166246,-0.5428463444825162,
2021-09-12,-18.63475101292865,-2.946793807875579,-3.3680392167534454,0.0086355743172948,-1.164302008808098,-0.1467209829302134,0.1220358430657605,
2021-09-19,-19.24635241737792,-1.7676352922936496,-2.5972586868460272,0.5057703988219308,-0.8330808431712367,0.0087856375443658,-1.2523061124396788,
2021-09-26,-18.83429471316994,-0.975478382135164,-2.9848549875944075,-0.7204637754741695,-0.4033343189839545,-1.4757869190780144,-1.9047496031356843,-2.1
2021-10-03,-19.01847992629767,-1.6373315585557835,-1.253293841312444,-0.0273340156819362,-0.0144937260394101,0.8452127310637724,-0.9647342078148016,
2021-10-10,-21.161271365644392,-2.206885025189523,-0.504267212212978,0.9019048145691864,-0.5910425092734931,0.8063590810350377,-1.7854922985140276,
2021-10-17,-22.122986455307792,-1.7707415341109471,-0.7042093892927532,0.8317044956834714,-0.714744679015707,0.8844780553807067,-0.3468746974420242,
2021-10-24,-20.551847539523017,-2.543631561825006,0.1359863565399754,-0.1000174761509512,-0.7332623459190694,1.726327468849487,-1.0641452906406723,
2021-10-31,-19.697235964082825,-2.0092725578776744,1.3016839656628187,-0.5821091422242421,1.3292878605210308,3.264002952177341,-1.613099871088323,
2021-11-07,-21.34205313949572,-1.682365910846748,0.594546282081485,-0.030138676928873,0.3314869826701878,1.841306930163632,0.6264759263789084,
2021-11-14,-22.595362570331087,-2.018742559296317,0.5023009206580968,0.5959197636796397,-0.436829372252473,1.4385415592809851,-0.2883411586677811,
2021-11-21,-22.671472980066024,-1.7345601264200117,0.1257980106454956,1.2162998963751437,0.3434351402200247,1.5418655412857134,0.0272786361810146,
2021-11-28,-23.29035803421957,-2.056278366795584,-0.0435111632388367,0.554939469841598,-0.4093723221730584,1.6711897057292682,-0.516406144648276,
2021-12-05,-23.953636515090757,-1.6669107325404726,-0.239207283060163,0.3803006389783218,-0.2602975156776206,2.1386183706156983,-0.6795305601840327,
2021-12-12,-24.75467731212532,-1.4203596165854242,0.2583246071912227,1.3295692660208398,0.0065249442321597,1.4788208202164492,-0.1313453017690228,
2021-12-19,-24.50765640467769,0.0908181253175563,0.5978785912151999,0.4945770639375681,0.5027069823732423,1.0062297651093253,0.3433025611867063,
2021-12-26,-23.80822679324334,-1.2937746828058272,-0.2310425578195722,0.0668801990572983,-0.4435728722567287,0.7426864969364462,-0.0792117244202818,2.7
2022-01-02,-21.454005660877225,1.6884645348551612,0.3964490394620537,1.3218988127586029,0.7451370364464396,0.2390353778573724,0.2458383972138799,
2022-01-09,-22.018478313646607,0.6013077228857867,0.4562402712584775,-0.2037794841879211,0.4588280417175028,0.601372306238981,0.512157441849318,
2022-01-16,-23.868617292742872,0.1801342171741984,0.0774538261666844,-0.7923640786952526,-0.315450914359548,1.7427660827320115,-0.2403582328597037,
2022-01-23,-22.03077954720765,-0.1969074061473981,-0.2027866103891167,-0.1654986043975001,-0.7884732107356421,0.7740551662454298,-0.4698993072836214,
2022-01-30,-22.12145889540867,1.2756559447992089,-0.3614538953460911,-0.3688990335072045,-0.0820917148181405,1.2887626003935486,-0.1017814509381986,
2022-02-06,-22.639930024579524,0.9231270454530176,-0.0982616047083699,-1.2775839707801508,-0.2478949214717057,-0.4392516643122332,-1.5874830667098596,
2022-02-13,-22.687276194504367,1.6526217311852225,0.6646050568656062,-1.4098366601007772,0.5310169642282409,-0.3425560695979129,0.0356234355177361,
2022-02-20,-22.36355184713053,1.8262953228318848,0.5155508059472474,1.129360577686231,0.4504628991706784,-0.5167109302322004,0.4448610823482883,
2022-02-27,-22.24539817504168,2.7355380683143715,0.0296844964809105,0.5054765400166893,-0.3604909246505192,-0.6614009903814072,0.7999713088923148,
2022-03-06,-22.614677985034007,4.266546710753329,0.4170095625307031,0.1640749407148154,0.9814129289399938,-1.6704706104023326,0.0386592073945902,
2022-03-13,-23.316855297553985,3.812140204146286,0.1552441233472335,0.6817560610086368,0.3303332862373127,-0.8355412852530081,1.490248495110018,
2022-03-20,-23.322048254945187,4.486371030514432,0.0497457342043315,0.9288419436240408,0.9540117953347148,-0.6057967468424384,1.5188773603039327,
2022-03-27,-25.41008727764504,3.5600809078832394,-0.0745693934330823,2.244180837709957,0.3325267525394051,-1.0486983545644002,0.4370190798139474,-0.7
2022-04-03,-25.15575008952368,2.5912218294396685,-1.025653195115832,0.3516409812551624,-1.8496908905033,-0.3105793021786624,-1.0672438805972406,
2022-04-10,-23.110863907479068,3.141164159225126,-0.1630560077157815,-0.4433520052783197,0.9077348417783722,0.0248766659305735,-1.8241292382722147,
2022-04-17,-23.97502393978725,4.480869472443461,-0.3084997013474483,1.0834156879364822,-0.2327521002526857,-0.2412018805560381,0.1971475669171472,
2022-04-24,-22.9109434887634,4.428998556923267,0.7061500269424639,-0.8750564097449298,1.476280057430535,-0.1131595440377395,-0.1973298916074319,
2022-05-01,-23.86181906031563,2.706246957259705,0.6937252286291418,-1.080573636720274,0.4908539343406906,-0.9437362153294336,-0.8319001336460811,
2022-05-08,-24.70661030078816,1.8227608788423573,1.0194456819042972,-0.1036845837802136,-0.0474696812546747,-1.6225319959548337,-1.0192716852182466,
2022-05-15,-24.436543046002964,2.466828683751625,1.6262386819626673,0.2523479375421969,-0.0066471926610336,-0.697499941490882,0.324161033472018,
2022-05-22,-21.20569981563609,2.791077828960602,2.2535833517820167,-0.6022958049131104,1.0390103773613208,-0.1025520235457688,1.5670482203509917,
2022-05-29,-22.60210893770435,2.1225519314151726,2.4792762398448307,-0.5832022971110574,1.1959905343907502,-0.9374349563036052,0.1075593961863896,
2022-06-05,-23.29362499465337,3.161888068235209,2.4845259574060865,-0.4698279369208203,0.5294454883840674,-1.6466631392643745,-0.3635164424843795,
2022-06-12,-23.45399928625013,3.141185970166787,2.647332807416207,1.2242780971145206,-0.682128820489927,0.6471566677544895,-1.854430433941696,
2022-06-19,-22.28461422401698,4.62672700504959,1.7847950522902682,0.0919331717071386,0.4868453007449682,-1.709253875845839,0.0872292683183419,
2022-06-26,-22.43540430978133,1.7611946899619029,1.929080920759436,1.4217877579240583,-0.0236906297609674,-0.6217163173763229,1.4098844304263043,-5.3
2022-07-03,-22.593855089210116,4.630681812174745,1.523640142995378,1.0959675314321708,-0.2135482465201663,-0.4756249997272112,1.3475574372416967,
2022-07-10,-22.50251159851315,5.304211993083517,1.531410750099412,1.5582747332828115,-0.3718362402956566,0.1849780480428082,0.8937330234399296,
2022-07-17,-20.399653599790387,4.637993324062442,1.5148211413951975,1.7190495719770351,-1.9415067378037087,-0.6897595565404457,-0.4577831345540926,
2022-07-24,-20.94613422815484,4.473769715270664,1.398566201248312,1.2303863514126463,-1.5086490411716045,-0.5501021808904316,-0.1869165507611867,
2022-07-31,-19.60322917197637,4.792760558493156,1.7522326591348631,1.4308198249279391,-0.2457629796412824,-0.1825194598307206,-0.0643941442853307,
2022-08-07,-18.767294249578423,3.6832395416107766,2.765722038791947,0.6704695745899534,0.9966773558014216,-0.2831989552993678,-1.791551840904786,
2022-08-14,-18.06559418374305,3.803970425225859,3.181194576081036,-1.039302316869967,1.2438562054894446,0.5882586393029021,-2.6075575997029947,
2022-08-21,-16.995773968789706,2.305717525478937,2.694600811101977,-1.9318241136957883,0.3764370430415164,-0.0742593593980169,-1.3254859368008065,
2022-08-28,-16.749540864424045,3.72346559586626,3.245342766018356,-0.13206999241688,1.1431113042455388,0.9220582252529628,0.9387853579052304,
2022-09-04,-16.68569054116024,3.838422865148465,2.9230706478214694,0.0362673140294331,0.6035287577208163,-0.8293040607445827,-1.034153543475269,
2022-09-11,-17.3643389911492,2.5956024088966343,2.847150132956094,0.1075966066187962,-0.6583914931836419,-0.9002936799524466,-2.3784870914647,
2022-09-18,-16.047971693967096,3.289551023351444,1.8324889190100295,-1.7421121278380798,-1.2478975220868296,0.9542349695682508,2.2104188534322065,
2022-09-25,-15.916925538300376,2.8249797914836305,2.3601501286346145,-0.6877312946664697,-0.6760858286041489,2.296559031753389,3.1137779024764307,-11.1
2022-10-02,-16.01386855523751,2.29985872270091,1.2899762668591548,-1.4498398422830685,-1.6867186989592278,0.8838359348392102,0.409187992605008,
2022-10-09,-14.262000306712595,2.991515108861916,1.0762365200580015,-1.8736398521179995,-1.6067041914267282,1.4113214446478255,-0.2193368670651699,
2022-10-16,-12.611172617556168,2.9114553622719703,1.5129315790849207,-1.8875553514161452,-0.1654483265215287,1.2781243994853426,-0.2062866414630149,
2022-10-23,-13.546037594631246,3.811181402200562,0.9358276764663886,-0.0047180533503736,-0.4628268799525848,-0.7731024912228286,0.3823889778004525,
2022-10-30,-12.722043994655282,3.842659594250057,1.1850170379379763,-1.0814066944926095,0.2724821499952877,-1.746977996995256,-0.9459064892556236,
2022-11-06,-12.644526201704808,2.689458858215728,0.6346536123438092,-1.626012034665536,-0.6616309244855503,-0.4251009661234385,0.4097124723592347,
2022-11-13,-10.834081728633072,3.1404720254720515,0.9053320209330284,-1.9195660476132632,-0.3596821325128399,-0.698388293917798,1.774053744829358,
2022-11-20,-11.14364246228909,2.147769300464766,0.4088558146329221,-2.6004415153056213,-2.225174318358155,-0.8039218224270509,-0.0866332393244445,
2022-11-27,-10.471574740888167,2.387336487662816,0.3890054496422333,-1.983062141250391,-1.284448024216535,-0.5876687747176392,0.1389792729687279,
2022-12-04,-10.178930987628634,2.762402530071548,0.7418986959244969,-1.8068243438733025,-1.5028030149084917,-0.5617432639614683,0.1394291368356403,
2022-12-11,-8.68630158733626,1.942099294576078,0.2632301871578496,-2.3473916551348952,-2.107722332341643,-0.7542695636005754,-0.0474431139138092,
2022-12-18,-7.93067510938423,1.3590717920976718,0.3848067161429079,-1.2154363271378044,-1.730334020334119,-0.1808009998516591,-0.1570766356658499,
2022-12-25,-8.001517908835234,2.294587437761457,0.2477668753612119,-1.1543159745695204,-1.578947708508032,-0.0876298269870016,0.2227796913499557,-12.4
2023-01-01,-11.00225722497716,-0.3177787787736764,0.0983041938626931,-3.568541092747186,-1.858563792478748,-1.3702909134487555,-0.5614305988153936,
2023-01-08,-9.16226754143426,0.9307121267779422,0.4309901206032362,-0.9346139072532236,-1.20126532114289,-0.5756723440975761,1.15357851258144,
2023-01-15,-7.436237817394637,0.7805850880789044,0.6690485982938194,-0.0380425377506214,-0.6554749599910711,-0.2229629945735715,0.6141663493185343,
2023-01-22,-7.65581783346962,2.985608551738635,1.1912775808826372,-0.0274532788125426,-0.0365850344644017,-0.5344612184960035,1.935368336742589,
2023-01-29,-7.524140297788536,-0.3860448897470711,0.5385350034520243,-1.693563466093665,-1.0502862679956102,-2.741584714828832,0.7229691487470521,
2023-02-05,-6.920805079111752,0.7892372615860781,0.6969689707706477,-0.5279434891407088,-1.4534126868586803,1.016594859867086,2.8942748939491776,
2023-02-12,-6.570994223552227,0.5968771698192294,0.3068519504777023,0.7834801253449613,-1.8420087584462213,0.4158025933549685,1.1029606371907317,
2023-02-19,-5.46529766309193,0.7978247520211833,0.4373708661822037,-0.6404605378340867,-1.4139853135604774,0.4366857842905498,-1.5714881180867015,
2023-02-26,-5.758370527459356,-1.121527503217296,-0.1146497201109175,-2.104303038195106,-1.3238652312497436,0.6663448564660109,-0.9771934292836448,
2023-03-05,-5.095189368799945,-2.3311026936702013,-0.3569986866996508,-2.314213577123535,-2.565166706904584,1.1221086652646952,1.2388731431864457,
2023-03-12,-4.246333130021067,-2.0684834880544862,-0.271787913324425,-1.7227318244669978,-1.5139404679606387,0.1118730969852076,-1.118192227475445,
2023-03-19,-3.75809252060438,-2.177247706427909,-0.1389836407173582,-2.879254581567282,-1.2304147339230007,0.235894500625187,0.099278977254313,
2023-03-26,-1.985406670366944,-2.829097097688383,0.0282938644683047,-3.4918698345764505,-1.5354488322870157,-0.9303611655379316,-3.031446758853027,-10.7
2023-04-02,-1.139569417034702,-1.935459476912657,0.8965996487882455,-2.185795472958924,-0.3968187903696926,-1.614085051103221,-2.0082623287059915,
2023-04-09,-0.9079140275998658,-1.532853766244465,0.2277683704191246,-1.2622807155250535,-0.6365793009840234,0.5537083959750858,2.661353307635753,
2023-04-16,-1.5877487736971687,-2.5095315899387565,0.5351367414197822,-3.697860367776889,-0.6108529965606142,-1.670369101567772,-0.4976867769289759,
2023-04-23,-1.090605350314921,-3.4040891341076107,0.7403285967320282,-0.5090451815481603,-1.6707509842730972,1.106956335536999,0.2064709909197782,
2023-04-30,-1.617312641405857,-1.773562902260367,0.6990574903599733,-0.6430678386067866,-1.744200544229949,-1.326175057432562,-0.0293737880244644,
2023-05-07,2.123334096035175,-2.4284436521505164,1.7121605453712492,-0.327116972764715,0.013110134857283,0.2903769663934356,1.392746593943532,
2023-05-14,1.9302469479447768,-2.5138818709402115,0.4518776848190472,-0.260903540858599,-0.6439619368703253,-0.1704328393592947,-0.9559305179618324,
2023-05-21,1.4654947995822345,-1.6421785741610282,-0.0046984126748017,-1.8485807252640527,-0.7464291288817712,-1.4985049982105538,-1.4387272543785092,
2023-05-28,1.3367847986950976,-1.1143775241384737,-0.1200167971750849,0.2075953737796257,-1.3497973175409357,-0.3182666596659165,0.5643260641163707,
2023-06-04,3.102585738152962,-2.013054327162234,-0.3584291107130778,-1.7478313298686947,-0.8796500482410716,0.9760188347354876,1.84689548885998,
2023-06-11,4.069698535891427,-1.997769262354701,-0.4532065878831029,-3.246088078213626,0.387278869493833,-0.2072588863356164,1.759665191203035,
2023-06-18,4.033231374353093,-4.053939390907308,0.1377850273280806,-1.633230649802672,-1.7830567313634105,1.7404436619503303,0.5315838734979643,
2023-06-25,4.373907010120695,-2.5376348008472163,0.2501619422685875,-2.6520827369904745,-0.8949714555206495,0.681146180841425,0.2529562439223585,-3.1
2023-07-02,4.768966386587765,-3.76092776802712,0.7501588942184599,-2.620827848055554,-1.0286280368624197,0.4146596684707713,-0.9516820314211548,
2023-07-09,6.213440427799142,-3.656751270299776,0.5677000721943715,-2.856553331862444,0.1371095204169687,0.4251565678751266,-0.6529207203209838,
2023-07-16,5.037945190200247,-3.239354308658178,0.0708040334681486,-4.995961109329157,-0.1369408796240091,-0.58776589961254,-0.9399174275603632,
2023-07-23,5.8204869546361175,-3.8306325922321673,0.0461366827002575,-3.667316453921716,-0.7201531002455276,0.2096094950488078,0.6340248388839876,
2023-07-30,5.475734463041733,-3.5970535620734827,0.3674005347312227,-3.655615953039735,-0.6398919242536858,-0.6005377456689152,2.0107526275809127,
2023-08-06,6.331114425008149,-2.2217494802893185,0.3051535041153598,-3.822541955627361,-0.8222812414565053,-0.272681943057632,1.8703673471733333,
2023-08-13,6.2027144210589045,-1.8920750272333864,0.3049310010508713,-2.516849219916783,-0.3917486080707587,0.7378051928688989,3.313863569397105,
2023-08-20,6.588452088810342,-1.49258004304124,0.8749569488010441,-0.7671788113820414,-0.2054220664773957,-0.4053055615293028,0.522706546447315,
2023-08-27,6.339295858207871,-2.5050060216392187,0.2870437026664783,-2.806533054854575,-0.4803108318033371,-1.8773267068947712,-0.8947365891633151,
2023-09-03,7.182735311651048,-1.9364124424704667,0.0726337752169846,-2.511244943906794,-1.052190925982842,0.607298251226375,2.692273558503931,
2023-09-10,7.220906800642886,-2.6176831525837025,0.2963096687399117,-0.7570498287076071,-0.8668473405611483,0.6649239983463485,2.0647120443293563,
2023-09-17,7.139552232314138,-0.7588904418271644,0.1919208141727451,-0.7346901005891789,0.3184216235978671,-0.5591725305846339,0.2140537625871736,
2023-09-24,7.495656790329985,-1.5448623826201533,0.6495517771555007,-0.2455319033941473,0.239327199485214,-1.3007578759167584,-2.089799543956776,1.8
2023-10-01,8.201198413406285,-0.5582836266276472,0.7060780050144735,-0.365529629215753,1.5815445699834756,-1.366364756270585,2.006126148237126,
2023-10-08,7.832205218606655,-1.0358359103480352,0.8319634596416084,-0.4729262729328731,0.2397161851667804,-0.9044093104111464,1.758082229960937,
2023-10-15,8.316871344175716,-0.8420264412094061,0.8777628774252746,-0.4071882347262549,-0.1131300252265894,-0.4115954498676188,0.6128405096518638,
2023-10-22,8.268075943433809,-2.058070976707164,0.5939577117321658,-2.294850786823419,-0.3432603394539766,-1.304018970308896,-0.6126150670652138,
2023-10-29,7.82289340402165,-1.9026013757985312,-0.0799344274482597,-0.9256519624410106,-0.2825701221961706,0.5328314722239132,3.284525430185401,
2023-11-05,8.670300861081795,-1.668202550744088,0.6025896420895861,-0.0286937795686093,-0.6329924989953002,-0.7981038319028595,0.1531948224269638,
2023-11-12,9.02114626731339,-1.297636385631335,0.5072533066733091,0.4944307722460989,-0.7338656138280844,-0.6509711758754887,-1.3028392076053583,
2023-11-19,9.593254815478158,-0.989101590209191,0.6177389581582751,0.1405683342439289,0.1421607304089225,-0.6987868246058989,0.5602968229469645,
2023-11-26,9.917495066134542,-0.1466162765038181,0.8025758777515637,-0.0625440034181932,1.3345615121256489,-0.6002523308597951,2.120905120271075,
2023-12-03,10.10951994575777,-0.6584249877977209,0.8079496284837553,0.4770627024297382,1.458706193014176,-0.2474920903113826,0.998747098640156,
2023-12-10,9.968304243784408,-0.2576118212702608,0.8912977015659136,0.1211469958586655,1.3186151354380742,-1.5604684004614156,-0.5218855512422209,
2023-12-17,9.584073506716416,-0.9512651887880316,0.178507276576554,-0.1607822045331141,0.2277754143431605,-1.554234723162333,2.2744506037206618,
2023-12-24,9.430600858862936,-1.1659630094141755,0.5891640807133348,0.1558341515570107,-0.1483269047232107,-2.096986688541129,2.45840206067479,
2023-12-31,11.012033768736623,-1.1918183627711458,0.1641858055492636,1.6581653556223253,-1.222041614405824,0.0167745728092242,1.1597418592507884,4.3
2024-01-07,10.608440719546312,-0.7116902542721533,-0.5613929967904121,0.0560695864424434,-1.2660315170028864,-1.053545435414479,-0.7291348074114011,
2024-01-14,11.185397007485488,-0.3470888095699685,0.3733383193702081,-1.1853889852006183,0.0297203807237277,-2.084360861398089,-1.4188498979097444,
2024-01-21,9.498676097816526,-2.013076958253753,0.4957609342351941,-0.6159114226353763,-0.179594990738066,-0.5094276255659808,0.7966092986984143,
2024-01-28,11.614507457003556,-0.7614206174667498,0.3293748331217747,1.1713781327279906,-0.9071493793636812,1.7171663116540357,-0.7592409630974184,
2024-02-04,11.338298646383826,-1.573144701018334,0.3058787433237076,0.503423899196472,0.0773822385492391,-0.3862541815002577,0.4245575064019464,
2024-02-11,11.068620003057744,-0.9680527040858224,0.3154726545678996,-1.4960666058340186,-0.1553830022135975,-0.0896166399173845,0.312327190006162,
2024-02-18,9.781287801162923,-2.3780634698600163,0.3649303380035054,-1.319282651282584,-0.560589275830709,-0.4924599640911338,0.3627851609801829,
2024-02-25,10.478495228078277,-0.7322914348740448,0.7385867179452167,-0.2618189613003682,0.846238087886891,-1.436098313319382,-0.864786754492923,
2024-03-03,10.949028580487482,-1.1053788860552158,0.6687833748165148,0.591630843251961,0.419744769617842,-0.5385083123716173,0.3669115770174625,
2024-03-10,10.74236262779024,-0.3932182807826123,0.5334738730032175,-0.2948528142438294,-1.1495923512527388,-0.6052899132655721,-0.4174396526843575,
2024-03-17,11.036578308504552,-1.6494985014291832,0.2816282473496897,1.081980842740076,-1.4391135669283206,-1.742044477066856,-1.1201062360937055,
2024-03-24,11.80174044211975,-0.7885685418583626,0.1589618718983027,1.0287371550037974,-0.4797791804906402,0.5666836212977626,1.6032934998544617,
2024-03-31,11.328042754956742,-1.2075528861409155,0.0828563993986152,1.3534165638013131,-0.8110619735295488,0.4125161419335011,2.266148568795218,5.1
2024-04-07,11.50215861063576,-0.9182911424717228,0.1638668716671909,0.7713366022001753,-1.9442816973493573,-0.8700951588686144,-0.5270525772783133,
2024-04-14,10.129774106696766,-1.2850089876769106,0.1344771791311282,2.4105659855383568,-1.4234979696670302,1.5725532163960103,0.9071352908623858,
2024-04-21,10.576217721787453,-0.3475325842342175,-0.0137274004576482,0.2012432335803876,-1.0828023285986852,-0.2741406314015225,0.1830335199405481,
2024-04-28,12.714905988126423,-0.5831488699009026,0.315796515487236,0.6581173801612581,0.2499255283345973,1.8339784853717496,2.6440653725440293,
2024-05-05,11.208226871512393,-0.4688733181314744,-0.0020213473895275,0.1718526095457971,-0.926833280366982,0.3146044524303119,-0.0309920130006367,
2024-05-12,11.317124000566515,1.2146755731868388,0.1859092332082483,0.9134677197112696,-0.6141385420767642,7.727267076307838e-05,-0.5276540096158904,
2024-05-19,9.089591316371155,-1.293535281493842,0.3930338135924532,2.6855493065706626,-1.3451821146192235,0.8281021605905623,0.7712053107370984,
2024-05-26,11.505840099235664,-1.5639907128756498,0.1263775639040863,0.3784024661879726,-0.7932482129513669,0.7711114208595553,-0.1564272778026086,
2024-06-02,10.83947524269329,-1.31981339828375,0.3285189218621088,1.428429674854553,-1.6794069079892675,0.3501781300535613,-1.1804195680776577,
2024-06-09,11.115977312935836,-1.5402799726121847,0.4757480791837982,1.0539440734966392,-1.2850444980396472,0.1262206405499897,0.0264244774028906,
2024-06-16,9.73223289254581,-0.8217251110321621,0.4535347467777623,1.2352803071787923,-0.1209962468236853,0.0581576834676842,-0.4220824513029179,
2024-06-23,10.280067138433326,-0.6905657752047152,-0.1035760243358142,0.743826121233685,-1.356143474594144,-0.1748468650913293,-1.33605207533837,
2024-06-30,11.214479734257273,0.0764054626536188,-0.0924506851546424,0.975953495808136,-0.9690599930905938,-0.1643850118614704,-0.1398308337498577,4.1
2024-07-07,10.24012648482068,-0.2583660861678552,-0.0306062001161413,0.4301985804824956,-1.6848882013433164,0.0976513440694423,-0.0202404154381536,
2024-07-14,10.731505713732089,-0.5135471223374054,0.0187530767543782,2.090097022046168,-1.023843296180941,1.163240439465851,1.770859208921175,
2024-07-21,11.163576652632289,0.7267146653319605,0.3688661066072943,1.8407919272705,-0.0054463934926148,0.4757609659497002,0.3521676214540899,
2024-07-28,11.549092618741186,-0.0490480814563621,-0.3310753205892775,2.1288661315207555,-0.4302034606059783,-0.1029447779625309,-2.447010215671368,
2024-08-04,10.62449095277109,-0.3309250286317747,-0.0159027599789895,2.6204908139702243,-1.79962367878679,1.428282250595566,0.1767196454694652,
2024-08-11,11.103826771393107,-0.6306057934862503,0.3376245847842669,2.1590051333670117,-0.9795826860562532,0.3971083698066981,-0.8110812544643469,
2024-08-18,10.674603338793505,-0.5176033171897136,0.0951479568825841,1.7357755745611507,-2.2200975019913747,1.223450728776886,1.0964897854909157,
2024-08-25,11.255584801737978,0.5572983816423395,0.1146841156490817,2.5998225482575243,-0.6769336762861565,2.10016571378817,0.7643914713940475,
2024-09-01,10.73201679946855,-1.5103532314339938,0.1116981771767761,2.447808254337564,-0.8508462357374237,0.6611566711333252,-0.977413247363028,
2024-09-08,11.11184789001206,0.9430971094617564,0.0948806172251269,0.3878364538896685,0.0139928082214365,0.6099198189167727,1.2696092538880073,
2024-09-15,9.082169337831552,0.1691322816810342,0.2866324150805662,2.6523137747624443,-0.7696170965058899,0.5617176908293271,-0.5400009227555069,
2024-09-22,10.109813014307502,0.6005142385128661,-0.1243450646630751,2.0302890676112697,-1.7122188961722054,1.2916076891362196,1.6277975587046325,
2024-09-29,10.650905003576163,0.1325688479929957,0.115896119744385,1.1699755789884003,-2.1966848655116933,0.7370181318850375,-1.22792682361716,5.3
2024-10-06,11.151574125361783,-0.7523896376390383,-0.2673447610547447,1.6752560261692806,-0.5593082995640372,0.8706121307096067,-1.288562945551508,
2024-10-13,10.608002845280565,-1.1252769527157562,-0.4986400296228778,1.159677180238737,-0.9592249232348238,0.3812581164564895,-0.2780977234883067,
2024-10-20,11.53859971966568,0.4498683805605428,0.0443583309942105,1.3372120252379676,-0.7784866712848165,1.4895190390364623,2.5391255231966774,
2024-10-27,11.569539748306676,0.4292100430112123,0.327997769078763,0.5044338938816841,-1.14403222541437,0.6251486977246363,-0.0570788355982783,
2024-11-03,11.368388184189294,0.6290457862939645,0.1363502155297437,1.5145909120394998,-1.2749080549153529,1.0091124871558237,-0.8516573114927984,
2024-11-10,9.897794158398384,0.467795706004824,0.0636117969337951,0.5015467710564155,-1.251715995542448,0.341400341385714,1.38682507750992,
2024-11-17,10.751383873222562,0.1837647568221637,0.1999924736678917,2.0801922846748604,0.4170018757000305,0.7020705773075576,0.2928337786686695,
2024-11-24,11.34677612586714,1.333625226520252,0.0898419043970441,1.1133579370170832,-0.8329005640438808,0.3543147337997797,0.2184212751594215,
2024-12-01,10.977402437444514,-0.042988384981963,0.0438728031035444,0.4384637335122597,-1.788405522745976,0.1980822514811748,-0.0066646984754436,
2024-12-08,10.97875963341257,0.4342100587927172,0.2253733038030957,1.2610034033716633,-1.0463244306689294,0.7670732616867149,3.1195326884516787,
2024-12-15,11.199375131191283,-0.558362957441779,0.6008647935928181,1.3664600707231889,-0.4148916009450021,1.5049550362734831,-1.791795794199758,
2024-12-22,11.725055204177536,-0.4647610137157128,0.4296522427223789,1.408129408039312,-0.3999326011427627,1.3168987297212855,-1.7862419205114206,
2024-12-29,10.757059061122488,0.2439247100668592,0.581651873978336,0.2256973502826384,-0.1365824580233498,0.9973802437863994,-0.1765497113397346,5.4
2025-01-05,10.751509406924884,-0.5301780752721716,1.4740816796498133,0.4276531843908911,0.0488088860798961,-0.5196916890338455,-1.3233102789463405,
2025-01-12,10.201780564848493,0.4635111064039908,0.2448569189325913,1.4645029692085263,-0.1246314256319074,2.139359253397679,1.6630193181025703,
2025-01-19,12.007734818244447,-0.926483457990355,0.0014000814110228,0.3404623323778786,-1.0435020737460434,0.6634689482955498,-0.6477289717479279,
2025-01-26,9.718953475202378,0.1601443034697225,0.4316389608607573,0.5378341798815588,-0.2123772049132956,0.2520895708681731,0.5503398961945015,
2025-02-02,9.999631366040958,-0.5807617364439739,0.1447417946573418,1.247836559483302,-0.4500639050226463,0.5059994224195509,-1.4881091476242083,
2025-02-09,9.448975930730263,-0.0556897962205815,0.1540793951655136,1.579563769239809,-0.6499997683666238,0.7751704955435883,-1.1839467175562957,
2025-02-16,11.059238362722608,-0.1719618031582246,0.0809877953549645,0.6281019920304042,-0.0987316525659358,0.3289760094992967,1.1086854306550826,
2025-02-23,10.719350763769365,-1.3192496291220064,-0.0455013385007771,1.1392523766734477,-1.6177772467245206,1.3548453366343387,0.9915712576355088,
2025-03-02,10.918667756357522,0.3031110492624146,0.2096795519426017,1.198916914288096,-0.9488890798465685,0.6179342076137845,-0.9370187263282256,
2025-03-09,10.318565012387932,-0.5121325467273847,0.0481129909541327,1.2861493413916996,-0.0457688185791543,0.8881076330785588,0.5523051649171217,
2025-03-16,10.908453609152213,-0.0764951134370034,0.2130847767269663,0.1351294998872854,0.6438832786945019,1.8133834044918364,1.3315870788439197,
2025-03-23,9.880748556228648,-0.1038344540736153,0.5111524499430932,0.5417957725162287,-0.3404640703167502,0.9669199390586116,0.0920615811677576,
2025-03-30,11.171771655027364,1.6519407943741102,0.2648700753406701,-0.0317209830956153,0.0229028365697126,1.294306481745655,-0.3183333490610293,4.8
2025-04-06,12.201154745785642,2.347826805906104,0.1604848893809111,-0.1774867338698643,1.0971241049793865,-0.6905179350402363,-1.0547293092031658,
2025-04-13,9.580327732527138,1.0224542936599534,0.2316143555695634,0.3488875155116183,0.6419665796974083,0.6006654478632352,-0.013220836661512,
2025-04-20,11.34072843653184,1.2795961997384715,0.6119983906144215,0.5423453393158087,0.7162068756464992,-0.2560140950256678,1.990309243312914,
2025-04-27,10.767608672491898,-0.5319580478479929,0.2366029233161161,1.2775360168093055,-0.778643996749096,-0.0642742925831062,-0.8780512100472144,
2025-05-04,10.385717070906606,0.5586328345198576,0.3024204472375166,1.2717406130209783,0.0030906378003692,0.5239817373607482,0.560995428891743,
2025-05-11,9.2933230570521,-1.5847151931631454,0.3105561518200178,-0.3467486830347918,-0.387590735445269,0.7262082029913203,0.3760182203183148,
2025-05-18,12.969885439821455,-0.0476883224916326,0.4717374355176038,-0.5433636455022138,0.4675134506105463,-0.2400652294100025,1.3488858084245208,
2025-05-25,10.575139910779836,-0.353505547238277,0.6406729384880718,0.5448545168276627,0.0454186263430988,-0.1924635931040236,0.2812342070337519,
2025-06-01,11.0189506556021,0.649545591017496,0.499127482252988,0.6754878309924973,1.321069079564744,-0.1648704367806007,0.655621903921791,
2025-06-08,9.942809312637744,0.5751842870526624,0.1365599677637331,0.6585168985268863,-0.394013169989548,0.0186951862266793,-0.5782593684121546,
2025-06-15,12.208787781179002,1.4639774673507464,0.053085473160483,0.4948107589063549,0.8868155565776323,-0.5306503195188937,2.277517854388535,
2025-06-22,11.698166141191342,1.2428620898062457,0.3024530343352395,0.0309000797245329,0.2234851371889173,-0.2849982841615969,1.8795297608467256,
2025-06-29,10.80252713507281,-0.5939052377119586,0.5001071753272317,0.4653404491457272,0.4491745854971782,0.0648576386972553,0.4664355021220727,4.9
2025-07-06,10.334169593038697,-0.66947975565989,0.4539051193229599,0.5961277270762069,0.2507177473945305,-0.2626710037691328,0.0639144596351084,
2025-07-13,10.57846984113733,-0.3922161709697029,0.4509019328067157,0.1650843628151424,0.6603692119734123,-0.3462902934141091,1.2007287737946295,
2025-07-20,10.652268093701098,-0.6827026470852459,0.2059661007211278,-0.6916342324416795,0.0373607672377329,-0.654134200710448,0.8645183924064261,
2025-07-27,10.63502050756454,-0.0198930708383096,0.4310773854900965,-0.6029139585475936,-0.4773548580356458,-0.4379361242042365,2.551937983851708,
2025-08-03,10.52878751541372,-0.5530486727223177,0.4392463701841863,0.2045661384934705,0.4578854648663484,0.0173699598947928,-0.0748519259913961,
2025-08-10,10.349839852039176,-0.3189029676609326,0.5886826383618943,0.1001584846866175,0.1551241793726432,-0.8802587832420038,1.5224547144505427,
2025-08-17,11.232469232221908,0.1645274804842655,0.268106967489661,-0.8795168538155308,1.4698263783026144,-1.3217580125200938,-0.102480657892482,
2025-08-24,10.894001853461695,-1.1041144681887405,0.1196109230104419,0.3588915440702346,-1.0360321316093493,-0.740213238704762,-0.0152235019291751,
2025-08-31,10.167813764250589,0.3938672096590878,0.439716955665361,0.3975866168769114,-0.4265863892628853,-0.8579204635661885,0.6809494352294936,
2025-09-07,10.121873857787934,0.02516058744691,0.2599080771355715,0.6366039710176469,-0.2861739595136726,-1.169628984610461,0.5154332194577198,
2025-09-14,12.696936941014783,-1.451960288335479,0.610461044330572,-0.3032645669683718,0.0940536651433557,-0.3843264399651478,-0.4582156758117467,
2025-09-21,11.984853283507118,-0.5706712740847053,0.7894351837215898,-0.9382379566898228,-0.141967802077486,-0.3520020849837373,-0.2149230640977728,
2025-09-28,11.000548382320458,-1.086921356287461,0.5964762451254376,0.6341298401667274,0.0829269120181355,-0.6706579407609625,0.232170168065975,5.4
