,PC1,PC2,PC3,PC4,PC5,PC6,PC7
2015-12-27,-16.930319666259535,-2.886531067658025,-1.2515781464793738,-1.430908790356222,-0.4536503810322793,0.893738586829088,0.5034159847774847
2016-01-03,-13.333869743198454,-2.121193478897194,-0.11494925781821266,-1.661093569364618,2.23754428987334,1.390942829981954,1.098534428026517
2016-01-10,-15.48678138210711,-1.5927421843410896,-0.6319837078182944,0.10621206920728346,1.2794541677068287,2.0618052231830286,0.45238209720577227
2016-01-17,-16.046404539713144,-1.747085286570896,-1.3136064861787526,0.4966531975795417,0.22732358269691538,-0.4681478153031852,0.24252890138154876
2016-01-24,-16.00270080841904,-1.6618073595300367,-1.074621787077247,1.1772302642440207,0.2710734374099339,-0.08900210987643276,0.07392723402961823
2016-01-31,-15.64498945881052,-1.0800554907256403,-2.2192064673813445,1.102995664504627,1.140298724540671,2.257670886660487,0.37241256379256105
2016-02-07,-15.700402902132812,-1.6602356179945188,-1.6188776899397213,0.61340130984246,0.3341679716125865,1.0008440334832744,-0.96856067766345
2016-02-14,-16.194663804023218,0.21525976218830878,-0.9837634226835251,-0.06672797534020586,0.06872623015665973,0.06330513095615681,0.27857338320855696
2016-02-21,-16.16509036627794,-1.0409422936721657,-2.1176300475616596,-0.10096769595368273,1.083388805429466,1.30582330471337,0.6594319279065912
2016-02-28,-15.123129450616789,-1.1614965928083683,-1.1817964759524324,-0.4150641283015066,0.4034827485423192,0.031202830698050642,0.9539013572866961
2016-03-06,-15.717449774208479,-1.3743475263058305,-1.3143796939432322,1.1960509659394094,-0.19059657792610485,-0.45007435493111825,0.9460359155801868
2016-03-13,-16.374355287775252,-1.3594249880071134,-1.3728374806037438,0.2608409702238097,0.8892888792023826,1.42196184223947,0.8889087325321101
2016-03-20,-16.13943415467033,-1.6416049428038348,-1.4906525881306187,1.053646626493915,-0.10991428366536626,-0.42773479420165644,0.5267623427419361
2016-03-27,-14.970638543505407,-1.0403879589818876,-1.0767550341709904,1.272672836901112,-0.3725284509395694,0.14717727744671502,0.4073690281679392
2016-04-03,-14.72597874350327,-1.5844734491017078,-0.9846202962518203,1.080571222461187,1.4462241774810092,0.8667506187146768,-0.2793124311487309
2016-04-10,-15.364107490680817,-2.147764156459492,-1.2096565569034472,1.1883140102425906,0.696810217188872,0.8370942062510962,0.42754168626092265
2016-04-17,-15.784401394007967,-0.8740817274379833,-0.7720826994190713,1.617698644887184,0.2305820140036201,0.6972901501766144,0.46739621655218694
2016-04-24,-14.165023148747354,-0.4786646989385174,-0.6810235978520468,-0.41931424387930416,0.39360498009927086,-1.0590673742403007,-0.47222454253428375
2016-05-01,-13.734949000636734,-1.2385410639005296,-1.392971080556741,0.5029613310311979,0.9708510614917214,0.9543899905418127,-0.27718214374907596
2016-05-08,-15.583778549341739,-2.1036599034274763,-1.6526235634018676,1.0454286731703475,0.6579742663981053,-0.27247606213739883,0.10191888448625704
2016-05-15,-16.119387837143073,-1.5624010562481967,-1.355554633223938,0.20442494813692455,-0.20247648974824542,0.26982775235117895,-0.5540063643424039
2016-05-22,-15.095181812943665,-0.3568109821202586,-3.004544376972681,-0.5163391562374428,1.5701062602278077,0.47668325743106965,-0.6763956892868899
2016-05-29,-12.717006668038776,-1.8684080444324997,-0.9606619257540123,-0.7432023928336134,0.6622114697919095,0.05895865529226879,0.10774259736022294
2016-06-05,-13.382126633801764,-0.9085067638553564,-1.5674358538786575,-0.09394468359346317,0.6801989189347919,1.2367011240514711,-1.5033827376216928
2016-06-12,-13.238091727551401,-1.48366289040243,-1.3532820077091492,0.025590610034164636,-0.10411549454575184,0.4939628632508685,0.4285104617601304
2016-06-19,-13.36097647543924,-1.583364152588094,-1.610984444562184,0.09152576776503424,0.5228689764525504,1.397639025360171,0.30470706977950873
2016-06-26,-12.642301907718974,-1.2001107548884327,-1.2205213069887737,0.11590501977046497,0.5159453719902205,0.08211130256053802,0.39603421159524826
2016-07-03,-13.526169733755303,-0.582426657585599,-1.317469081427086,0.3847333056297384,0.04982776399873999,-1.0065208022317627,0.5450354707274785
2016-07-10,-12.767711316199655,-2.127040901018031,-1.370446480350359,-0.125163911813924,-0.2575291008241256,0.8954950317263074,1.3362044616013984
2016-07-17,-13.183662680491297,-0.8957526442804321,-0.9836384687876841,-0.05039268417978979,1.0719414265459974,-1.0492145250345084,2.0047782992999936
2016-07-24,-11.734203403456007,-0.9438895668459056,-1.472721235318824,0.7284071208155102,0.9187824073228764,-0.9844136823741098,1.3198658090392377
2016-07-31,-11.719596902772494,-0.8936342696436786,-0.5554755414731438,1.285475483240663,1.0139522525992564,0.026176995826487522,0.5742682441127228
2016-08-07,-11.170104683974353,-1.4246704448284635,-0.5036717383400735,0.0004184301192244346,1.158733679955251,1.8270265753896682,1.7282408718477702
2016-08-14,-10.23932868043139,-1.0743202807098031,0.3955084342466404,1.4030945191154534,0.3803805780650043,0.1950322940100224,0.6471697516328239
2016-08-21,-10.869137477276901,-2.3256563671164185,-1.0904135354255866,1.4134583686366122,0.8630550100500374,0.18573767312390044,0.7584736067456721
2016-08-28,-11.264876402990984,-0.6346575144368257,-0.5601472707893226,2.4477025571710684,0.7414980673823977,-1.0323046720268065,0.3474313097001649
2016-09-04,-10.888795327398938,-1.534091330383496,-1.1703819903026709,1.068493395790354,0.43742754761125185,-1.10740863224982,0.6500681515942706
2016-09-11,-11.19716984428004,-1.2438170747980721,-1.3802028397113801,0.2722116655581372,0.42886932549934687,-0.3501074524145591,2.560377767725958
2016-09-18,-9.310740414450466,-1.7004298897576304,-0.8046682801429913,0.0338370322498857,2.208655126008808,0.8792054911922117,1.1975728308085964
2016-09-25,-9.189373503938059,-2.610971525123251,-0.5132562579564436,0.59082187049696,1.5139438353723038,0.11536783571932847,1.3150760694373826
2016-10-02,-9.638570665001598,-1.4672112298838609,-1.0720650995409025,-0.24866225056435937,1.3889152259328257,2.5184260842394828,0.7895157926075881
2016-10-09,-8.976596204019883,-1.7387586822509802,-1.0822141563258456,0.5493591789409137,1.1401957315047742,0.3752049848835708,0.9590028803305956
2016-10-16,-8.012725838254022,-0.8794344198094274,-1.404114675082381,-0.21834203738723834,1.4673258801976277,-1.3553404471600188,0.2535780544996187
2016-10-23,-8.032497330104135,-0.024492223749573452,-1.137522128604695,-0.5941391173590269,1.7854828422636444,0.30298748878500753,2.614177681276245
2016-10-30,-8.034542371433371,-0.6128533439064429,-1.3551904523467782,0.07718066721353975,1.4238532954330347,0.4377651632853821,0.6979032336647252
2016-11-06,-7.841291461359844,-1.0777541537172304,-0.6068623575807914,0.724495543705598,0.05950265868179787,-0.9095197661685059,1.1232398498134955
2016-11-13,-8.079330639014781,-1.0319273001445453,-0.6794372615801708,0.20948512883451728,0.6794462883224544,-0.4541340839656873,0.5489120166926701
2016-11-20,-7.277090528327765,-1.0932202901765098,-0.256434864212633,0.7173134664570674,0.029498169179483662,-0.4242946347786273,1.302404029951509
2016-11-27,-7.409092647981373,-0.7880751546414815,-0.7078436368841129,0.8161260890320192,0.4663896612062493,0.025577977877884447,0.5822953850505627
2016-12-04,-6.9331174442430346,-1.2618176798402467,-0.6242295091556165,0.26411407686505095,1.1305095916016374,0.04046894304900816,0.79357937836941
2016-12-11,-7.992878838018339,-0.4073207837361174,-1.1255299813832305,-0.23555172493232715,1.0991838985475286,0.5733323242431748,0.6901951393910295
2016-12-18,-4.860711991694068,-0.2714471369674479,-0.37531269215417085,0.05112381993456214,1.3017449166560744,1.1396353042499172,1.1317545044767614
2016-12-25,-6.5473808939778815,-0.6343890943972385,-0.771530999313737,1.9302431510505251,0.31770049205048284,-0.4227328381557805,-0.3543047208472334
2017-01-01,-5.883209007105429,-0.8108489987547125,-0.5599196698763992,-0.11868521702075666,1.0498756643044207,0.44531516632958723,0.5504659853237581
2017-01-08,-5.490212547445121,-0.9007046640423616,-0.2309794317649034,-2.1169362209518026,1.113610774978752,-1.6982493260371831,1.9549499149361838
2017-01-15,-5.118540139974505,-0.497372129770494,-0.5466888614893904,-0.6339449370383787,1.0512368277581745,0.3975898565869943,0.13919885110884542
2017-01-22,-4.55750350057839,-0.4714719892501168,-0.28031274286633695,-0.5723534736069407,0.8365662854301663,0.2959719564317028,0.08143279956984828
2017-01-29,-4.351786823716938,-0.9694710510285017,0.9268825507661822,-0.2333983401346585,-0.3126247062368459,-1.435939549799922,0.4919173293719754
2017-02-05,-5.851442330572352,-0.3073165393191303,0.12004401195380116,-0.4597599397210563,0.3745023207900698,0.6479221817015568,0.5463384768039473
2017-02-12,-3.997306197603778,-1.2080754060811385,-0.06770003069029767,0.22892674294325147,0.71454424822382,0.4046144593146606,0.24357227150791752
2017-02-19,-2.8258197315267792,-0.8436228927227633,0.6040217245936753,0.11090775040178286,0.3936681485193267,-0.5630518653305971,0.013088588256788275
2017-02-26,-2.8903725293576144,-0.296667659193307,-0.34292613526551896,-0.36764648846371933,0.8861037797191132,0.8975567981831426,0.09030362455780405
2017-03-05,-2.8548174217714757,0.19241617976166342,0.02588048267856953,-1.519285858362059,1.4727178377453083,-0.20876022530252542,0.9814398639641243
2017-03-12,-1.8329024049298337,-0.5202728488116651,0.15854370162984643,-0.31300718406820627,-0.4841304825651047,0.0015974541033683203,0.848216238056135
2017-03-19,-1.293002289518778,-0.11732851946289262,0.1491758446145255,-0.5621739166246781,0.444738846055862,-0.5292117864463804,0.07076778498380595
2017-03-26,-0.9447947887520523,-0.3586210271800846,-0.1254595865754348,-0.2976177453025466,0.21614940500157265,-1.2868974821144534,-0.7407294524207867
2017-04-02,-1.1161254319487013,-0.19606399093855106,-0.13086221608688273,0.1963761556477404,0.04388514635922704,-0.4039587119193508,-0.0900328146607999
2017-04-09,0.0008945377656083659,-0.1321732348613895,-0.368453031476149,-1.3429448426017678,0.5076464306631355,-1.4090971979641755,-0.7757844930398862
2017-04-16,0.6305343948442569,-0.032758965887841336,0.29308911455078523,0.0781825255961793,0.2920056599023378,-0.9478129195723964,-0.0497663990302966
2017-04-23,0.05220608953734761,-1.1441965959717681,-0.08820632889205214,0.8568073267771819,0.8544733681477429,0.5124196177124417,-0.32196571802424995
2017-04-30,-0.30620236607718065,-0.1675016341344127,0.6756185600719441,-0.5385553030132508,0.498699639247922,-0.721057814294537,0.21249504600163913
2017-05-07,-1.1636549248173855,0.5213382648712981,0.7515703825217465,-0.6623061725348889,0.002845127868629305,-0.1785911606411852,0.07165579267496468
2017-05-14,2.294211209270636,-0.039340891674608205,0.6004084153310192,0.04532197362755919,0.3943525880945588,-0.5372323949704776,0.16778427738486848
2017-05-21,1.8669010455942627,-0.73241271009449,2.016446658685627,0.3680464063490964,-0.646528407372236,-0.2105117849928668,0.13179222643622232
2017-05-28,0.19873667867520528,-0.10766354479926554,-0.02187075192635402,0.31892051446044845,-0.12307525626973513,-1.0330010775393084,0.5910753968349
2017-06-04,0.35879948300117864,-0.11071387496317807,0.34623612233281853,1.2681023981935398,-0.246368179904576,-1.4852912269429657,-0.4585505234775152
2017-06-11,1.543391629769077,0.4329355956606599,0.015560060003556584,0.014293867690209534,0.7486497732850743,0.08939098796388796,-0.03151787872567127
2017-06-18,1.69079663917412,1.897176701696306,1.2666946012008908,-0.6171264264476497,-0.6335768639249345,-1.2031660860678723,0.3464994839988148
2017-06-25,1.262245688379859,0.16293027379265707,0.26605637166518925,0.03106695508054778,0.07333831188213544,-0.37723679784828607,0.38888822576565407
2017-07-02,2.598862972292191,-0.7382210074911402,0.41426313907971873,0.16720189673142918,-0.1328994352172983,-1.4031628106480152,-0.7045707566831859
2017-07-09,3.3123514510777197,0.061596205252573796,0.9671176061026872,-0.1085021884933158,-0.4039455046775827,-1.6870213430888379,-0.6140550796195362
2017-07-16,3.971842940196043,-0.3358955399956684,0.12523057247127067,-0.4454601649657305,0.3184106318561991,0.36341079625321865,-0.4937727927123749
2017-07-23,3.5336826022708703,0.21703002838152394,0.8914837714380469,-0.6456368236726348,0.148935481188277,0.7254295650198159,-1.055826818085883
2017-07-30,3.507340738388955,0.1349655360968475,0.4743391658131737,-0.4566446168384632,-0.10783636939667676,-0.009209826427248088,-0.6009100050787235
2017-08-06,3.2097517222773724,0.12262899991624272,0.007597305045376037,-0.7543451974111455,0.2859267986111158,-0.4602440050699335,-1.0354270880454435
2017-08-13,5.252219146783431,0.16237985262118768,-0.013691518668625864,-2.697456195217649,0.9299510508100621,0.7464028173552639,-0.8879303343404673
2017-08-20,4.445285657660311,0.626455415579747,0.5659097654578215,-1.3334728455734148,0.2223551216207635,0.22586005017900374,-0.7002145213945109
2017-08-27,4.233526664904714,-0.028916716476942193,0.4378490430252754,-2.2392737831418517,-0.5036357389001785,0.4839469587594832,-0.41208544845537254
2017-09-03,4.690565569927742,-0.14673402627090085,0.6427913835284689,-0.7616347322987115,0.3856284889195458,0.3345416586774792,-0.6589768641579391
2017-09-10,6.265223117209693,0.44427170184143794,1.8474286112697869,-0.5366762858267448,0.02717371968657372,0.020058213429384374,-1.8323602485511856
2017-09-17,5.602293878112576,0.9182871030282307,0.6031529262784712,-1.0020964510340955,-0.33408873539201195,-1.0067982844648988,-0.8243364443341793
2017-09-24,5.783541237246614,0.7436609615495959,0.7333619936486786,-0.3035366333296447,-0.4412470313566254,-0.9134641747181789,-1.0107689580347965
2017-10-01,5.065566874601375,1.081635819914474,1.0934561207932745,-0.09828455554581403,-1.2004231509407581,-3.7642003024629975,0.8954305174401841
2017-10-08,6.369862678132375,1.0869570630590442,1.2552900972756997,-0.7307326118006242,-0.6239590541117855,0.2764705809619586,-1.3095870438679478
2017-10-15,6.273675956216666,0.5600302176228525,0.9965523054656001,-0.9868715269252322,-0.5214876714936958,-0.737981546558294,-0.9225297681438118
2017-10-22,6.596420262706942,-0.12900479734583542,0.9559026911363792,0.11035334094291575,-0.7471023517918416,0.06993047785563102,-2.280003847356817
2017-10-29,6.015736345144162,0.3459125649096608,1.331900607821468,0.14634176706975552,-1.2124348480881793,-0.9772022860288101,-0.7174608598015572
2017-11-05,7.0653841272923135,0.7686651271436269,0.4724720490783,-1.1204689000431811,0.14842213862141537,0.8026038704679138,-0.7223037358291634
2017-11-12,7.832284657185241,1.0090157094382872,0.9832308436051751,-0.32984377626937417,-0.4332416853348513,0.7273857539244125,-0.5611004454863168
2017-11-19,7.3000650039261075,0.6506989698572362,0.5127043601575406,-0.2858128795682919,0.16596249776313,0.20706489007309603,-1.418187555380266
2017-11-26,6.717694729785804,1.1643511551543917,0.33805091994947833,0.615473236761223,0.46472259778079794,-0.23133439035535416,-0.9186346466673084
2017-12-03,7.459888340692777,1.1270339173424737,1.075108144567545,-0.0882163756774659,-1.1731624567697747,-0.9916336578415189,-1.4545280841779669
2017-12-10,8.256269127863641,0.45867025092110586,1.266129664657077,0.5318205323675902,-1.004663724200083,-1.140861502295116,-0.6713956732779826
2017-12-17,7.794753770983812,0.579062408774946,0.8396720474822476,-0.6316911777853574,-0.5310273973182844,0.7912193554768983,-0.9371027849636915
2017-12-24,8.078627144430577,0.5569807928591657,0.8009851222707776,-2.509454250293197,0.35262602845766033,0.5927679916074581,0.1515966305739486
2017-12-31,7.213271639061125,0.7537205315873646,0.5201224938192738,-0.7845725692019571,-0.3404441652315585,-1.443568139587384,-1.7667762096194382
2018-01-07,8.848358447917128,0.6026858609106194,1.0177769461246773,0.981792390165044,-0.8646230332393291,1.1630532984194257,-2.0513211216073035
2018-01-14,7.803793277819257,0.44784432301603827,1.242444646019894,-0.04938033247484788,-0.659423841940034,-0.23929005928952612,-0.5707438975811123
2018-01-21,7.717288897040815,0.39214345068335554,0.6994326651988513,-0.13911515155362975,-0.19682213830614032,-0.3416458810086891,-0.35182323404307786
2018-01-28,7.978227790090854,0.5763369304059907,0.5536795820836585,-0.5828247829693282,0.4493775620196976,0.6992509454697458,-0.223488089417852
2018-02-04,8.346749626074905,0.6489778527597851,0.3799313986783656,0.6347375251848428,-0.769652859454499,-1.3851676479255695,-0.4638110001022633
2018-02-11,7.6823527103431815,0.7991538764641316,0.44359054239779,0.8750406487605978,-1.0377392692248355,-1.206435608137812,-0.4158363775965888
2018-02-18,7.606884697479377,1.4703522403005531,0.6863047501035394,0.7290031711055368,0.06359491000355041,-0.6799268643900082,-0.15173994612843753
2018-02-25,6.99383441356328,0.54057794503219,1.1580535318874678,-0.14573733495580396,-0.17242523498755036,0.9088487498899583,-0.5019466254448582
2018-03-04,6.888436731215163,0.02993361373379263,0.12343839783404968,1.436416940661661,-1.169970739187642,0.8224935868960261,-1.34849105247644
2018-03-11,6.938665529911773,1.3696657126159506,0.9023337164055498,0.4802338882511684,1.163042862140842,0.8929899341004355,-1.1762018785265036
2018-03-18,7.226272064412317,0.5130999925896703,1.299720590280129,-0.07274435719099473,0.0727924075512849,0.8232380449166958,-0.5087939403795878
2018-03-25,7.097992482662909,0.6200997422639568,0.6765786248680262,0.32034888820769514,-0.38242097477221343,-0.1518666363689786,-0.024250940536145415
2018-04-01,7.176492061526948,0.5798225853787113,0.3430068706175992,-0.021504890538249787,-0.015525913595716749,-0.011733457331941446,-0.11229280878557295
2018-04-08,8.670938769728878,0.8094723438063749,1.4169351716034413,-0.7174090228964444,0.5213826602356868,1.076534297559892,0.2011701046600496
2018-04-15,5.090319745873354,0.20824030612518263,0.6835066499166085,-0.21262012206159564,-0.3253681779179043,0.020591525106072036,-0.5378680222153683
2018-04-22,6.3672214113926735,0.12847372382488595,1.078482016055015,-0.7857339999086559,-0.4812410085229611,-0.2871805067028768,-0.6088410525400079
2018-04-29,6.290809420258109,0.06943823233231469,0.8706435094566101,-0.5563980601920933,0.22119373276500895,0.938729663169984,-0.6282036921747667
2018-05-06,8.67171251467322,0.5555158631496677,0.7463966557717389,-0.10719653309669608,0.08287937502443424,-0.4727023943739199,-0.7314037271810128
2018-05-13,7.266447473457779,0.3804182526952368,0.6971970296817452,-0.00532772264588869,0.08508337655899323,-0.3378191070844695,-0.6167634119770954
2018-05-20,6.9795299486248865,0.05594531295283583,0.5111548905280716,0.37916799239173943,-0.16868150966247566,-1.3256909059792539,-0.3990975387562971
2018-05-27,6.717529835156064,0.2737274644220481,0.4754377946364982,-0.4586497699197233,0.901956256048275,0.67080551754252,-0.4502918177441613
2018-06-03,7.539128159674952,0.2519613424905467,0.6375978383488627,-1.7865378246658141,0.8927532949765798,0.7976255649508329,0.10218182637198404
2018-06-10,6.673559150575831,0.26087706493771085,0.533595612733248,-0.6284578919614884,0.14544045776522158,0.0857332751935292,-0.12767105339074764
2018-06-17,6.3362107022362535,-1.005493583338506,-0.06195111556745424,-0.1018226147871342,0.7640846014445294,0.3067649169400681,-1.1541432468654627
2018-06-24,5.974689928957987,2.12082908056201,1.048683012308125,-1.5001428681588265,-0.3095871997658417,0.8197977577615554,-1.1686411888961548
2018-07-01,6.016423482386284,0.9168446201431953,1.1248166937820128,-0.9280214485768903,0.11300759223923325,1.5432931070010807,-0.3311550077456603
2018-07-08,5.924171757158701,0.5279643361100822,0.6290604959136793,-0.7876255514687961,0.10054714155009312,0.650290367940632,-0.4179625697777617
2018-07-15,5.932303818719938,1.151972056153121,1.0504267257454727,-0.693386559975459,-0.4125713680828722,0.08251197872264786,-0.42722171506721157
2018-07-22,5.776192060796917,0.17627613695800662,0.6743887315085785,-0.02692612038444057,-0.6684790982272263,-1.1465854173713061,-0.1402199522533161
2018-07-29,6.044329120008028,0.36126234823390746,0.5698445516922989,-0.4594075573090155,-0.0912378509668807,0.05876139679205916,-0.15986024053147177
2018-08-05,6.32450420354161,0.9779853929346168,0.7427540805918356,-0.1066457471438275,-0.5731298480952486,-0.46959282325925816,-0.7311841435306269
2018-08-12,5.351507976861437,0.26067346011832004,0.9857426585584349,-0.4894139599739444,-0.19822396372370643,0.9469383681963612,-0.3121547358136022
2018-08-19,5.161517833327178,0.027462492623673323,0.7437900883498253,-0.12907557661407804,0.34923798030823017,1.2141881541059913,-0.37547420560289224
2018-08-26,5.954830648233269,0.18277812638228932,0.5595166397310849,-0.5031498132836543,0.37439728921953147,1.3139079157089415,-0.5374340202482473
2018-09-02,5.656906592828665,0.3660019564708522,0.37624934144384553,0.1082661019088211,0.10886917511026685,0.021312496437105484,-0.25764409538031424
2018-09-09,5.082915935221317,-0.14059326398274397,-0.009068088875897998,-0.2965085160252167,0.22341818950435235,-0.09594977718139346,-0.43260372934270785
2018-09-16,4.695466678750903,0.3022452949105191,0.6905851296210581,-0.2938171180695689,-0.007904433631326807,0.6344258620781321,-0.4775126266349774
2018-09-23,3.7440418958053217,-0.22868237468608302,0.5642923943820541,-0.41693492812194943,-0.09401652349897362,0.05545573677300667,-0.2681719712626177
2018-09-30,5.360001481777046,1.2613960522786272,0.47468084671712596,-0.9498617639847491,0.19314541223858206,1.476745023575628,-2.407430296543233
2018-10-07,4.798382746744444,0.6386867974612761,0.4683342838208495,0.21057923541101262,0.5833659725032418,-0.8727866511213508,0.0690053048263921
2018-10-14,4.6469791289183995,0.47674191723879145,0.5061306361176252,-0.6987654879318592,0.8718200539869471,0.1636437656181855,1.0877788726607986
2018-10-21,4.039739992510349,0.19104945313035226,0.47370446077065265,0.05308537940803333,-0.16911443864221004,0.9613360519833065,-0.30482206544580065
2018-10-28,4.737316590569856,0.8167807221947012,0.1823934064211204,-0.22747676881583032,-0.29533356144252787,0.5465520386607721,-0.17958333606992316
2018-11-04,3.4519738127525508,0.018619769708112535,0.42628515339799417,0.20800270587217026,-0.42810100210864416,-0.19207159384830969,-0.26573692211367267
2018-11-11,2.8668190101941136,0.2165775647270951,0.08779135896505025,0.5400753429378625,-0.6493862750100892,-1.0870369202639334,-0.43805886743580824
2018-11-18,2.954229311906015,0.14367689712684809,-0.010066821532327908,0.20760794303583213,-0.41280231098609227,0.02501500755026,-0.23292272718342658
2018-11-25,4.741229884696154,-0.7597901416738412,1.261470242908008,-0.8488111853568803,-1.3828533964573257,0.128810502853039,0.007523082141013679
2018-12-02,4.372593137987265,0.7517261273441369,0.600563388227007,0.04046714287912038,1.2025520350145973,1.5332240086938798,0.32146841003322807
2018-12-09,4.718097882004752,0.2572080679961746,0.2871249142702071,-0.7638534231457399,0.49561321452244195,1.741497596424339,-0.2502123688361528
2018-12-16,4.082059097040176,-0.15112579528160858,0.7966652270700249,0.538821166742035,-0.043118992983157474,0.03507147359434799,-0.19174101758899445
2018-12-23,3.8549595148342957,-0.07197689199459686,0.7706042223832761,0.21813651527761502,-0.014704679121534553,-1.4954036343758625,1.078796910325825
2018-12-30,4.096964810466835,-0.18126706270504667,0.8110612423583295,0.045478153916604265,-1.1297786724471042,1.0021448480002038,0.6150582545899825
2019-01-06,3.9497313164000984,0.015569841738311647,0.7211613384325946,-0.11545266273591138,0.4244803844646969,0.758595629161277,-0.13969974339092592
2019-01-13,3.5657779159996683,-0.07477998748226308,0.9419517046491157,0.08914490345872882,-0.1380263508533476,0.23814496830373685,-0.1383146447151067
2019-01-20,4.201543773170979,0.6131853516130304,1.048868889788687,-0.5495797038235228,0.5238160615252176,0.428118087632164,0.9559645597678235
2019-01-27,4.4786985574943525,0.42530139920559906,0.7456423527670943,-0.3476552425054505,0.09180340760371178,1.0307443614577165,-0.284904953723375
2019-02-03,3.939063145478396,0.47344263853479474,0.8450616338547398,-1.363088844050627,1.1210570662272283,1.5151764336442715,1.2128938597430243
2019-02-10,4.529798469906702,-0.41128199847303315,1.162890424579955,-0.8024552170392849,0.5917514908349581,1.258841374748898,-0.513937422153412
2019-02-17,4.209439964534498,-0.5152218732972373,0.6767426105556515,-0.9340574586227463,-0.5294148288125752,1.4725473268259253,-0.6253721543343659
2019-02-24,4.732633332550531,-0.029071887578656492,0.23824406396130646,0.34958061890388314,-0.28289038899872515,-1.1273950466739142,0.11266960131036759
2019-03-03,5.3526765863377666,0.20250148724726075,1.0427638236936463,-0.8922310426690008,0.4693899831701276,0.5940663094741344,-0.555791389794504
2019-03-10,5.404189895925259,0.18962073309884764,0.7712927499153271,-0.5149276298459321,0.36569793301659187,-0.7973007960342069,1.1385562316570574
2019-03-17,4.46025538565277,0.2534423760924951,0.5670468754564058,-0.49028684520548926,0.14807114365337506,0.7602019418923996,-0.12481754577808435
2019-03-24,4.829599596804572,-0.05182320927588371,0.900244759037823,-0.4960828473812467,0.7520007612699028,1.2305981209907813,-0.898235790801941
2019-03-31,5.212839763190944,-0.290297036318189,0.8896070524944406,-0.09526121396684636,0.16550661490434843,-0.8762356465816268,-0.7231988274638215
2019-04-07,5.620996305320441,0.008344117740066753,0.5495353483703933,0.010917114040055895,0.11424469803693409,-0.2488348856176983,-0.31747612818571097
2019-04-14,3.829017574835669,-0.20137942386732297,0.7945030574814463,1.884092814119809,-0.7329264893941825,-0.9256057570653694,-0.21332514739394606
2019-04-21,2.574345348296159,1.4888273520045614,-1.5370426830645318,2.5385786187896384,-1.608862519714454,-1.9434772282139592,0.5377117335771361
2019-04-28,4.102378588990866,0.7555017873884623,-0.5524382860122959,1.496442622374852,-1.0787417401356885,-1.7435488510313004,-0.19350678659754864
2019-05-05,4.625558991845478,1.2432494525959905,0.10007390666534433,1.7390312440114122,-0.14215325396040474,0.8924346672256047,-0.4251474655979177
2019-05-12,2.826857544842876,0.8785039288497204,-0.32435245934672136,0.9260411174461229,-1.2322033531955479,-0.5138465345227815,0.14012807300771346
2019-05-19,4.623713369999132,0.7794459963118493,0.1335253191936675,-0.19246516971862634,-0.274076982235512,1.4399454087220918,0.1744906409351243
2019-05-26,5.995688794525356,0.7482840682816077,0.5386628772062728,0.0818257514655624,-0.5303982048646395,0.978000244129741,-0.37516043567352947
2019-06-02,6.042470226137281,0.016361239441967976,0.5183155685831894,0.44667656145983864,-0.7240064996849546,-0.37647746036814744,-0.21413400567108073
2019-06-09,6.256948845660166,-0.012040810530123663,0.6456705826565565,0.9913669290575243,-0.4992412565210911,-1.0540070170598985,-0.4464417986352504
2019-06-16,7.23107846224223,0.5065402476169204,1.0299058929472598,0.2711940156565597,-0.17539054151774094,0.27290126942494325,-0.5801875325740556
2019-06-23,8.1673829591152,-1.5574558304834536,0.44472906108193655,1.2518186207597777,0.19610598166873772,-1.294066225080051,-0.1405210202257823
2019-06-30,7.376642094751217,-0.1393820321867333,0.43096558161620996,0.5459006149449508,-0.04666614130954176,-0.1332757164116249,-0.5428787784735577
2019-07-07,7.401531725826518,0.21020854651042156,0.5715392413977878,0.5221287196300711,-0.4748020294691946,1.5531303169012598,-0.5524985652619432
2019-07-14,6.8365112791728455,0.009803328553015203,0.628625337656307,0.7437985878176074,-0.693729278324411,2.2143613310569297,-1.4795261721771682
2019-07-21,8.477636177895025,0.4239022472203869,0.5782898253376157,-0.2660195296472323,0.3566945571503319,2.4612291653824974,0.042596701463438386
2019-07-28,7.960353396555657,0.24403792523970186,0.6991986596036505,0.1602428538792037,0.12410754345627001,0.8672279894284178,-0.3734744600887834
2019-08-04,8.266111476145666,0.21606921126681336,0.3417590511215759,0.528099587503669,-0.4171087865820011,0.03798141081215486,0.4733446765602205
2019-08-11,7.406629376188422,0.25104827706001304,0.19827052099117204,0.8813368491789525,-0.4006353858350207,-0.030022397355852867,-0.10368416358794501
2019-08-18,9.2823263662302,1.1815461009920325,0.2408822786412839,0.5922354487850476,-1.0734726454550978,-0.5500609419401465,-0.019253790879185436
2019-08-25,8.95632534055675,1.1821238837750758,0.45468369885454984,0.09827952497592125,-0.5627798660950871,0.31284263461760303,0.23475290051667125
2019-09-01,9.079960352704862,0.28268983317726565,0.9326262732757784,-0.0505714286392358,-0.46171822895855136,1.2746222617233558,-0.08318307614711437
2019-09-08,9.107416353839461,0.7805977555442164,0.9937869034276988,-0.22025061233141113,0.2171788162395174,0.6689410595084304,1.5009364308722484
2019-09-15,9.416772351361278,0.5949717082778639,0.6671270139163515,0.016808882393698644,0.35743642334740927,1.1066330891299792,-0.17215205415474333
2019-09-22,10.070675662874926,1.7230126739848437,1.0590921888267766,0.9136773318764088,0.6399779205217424,0.9999078143688037,0.06968530316325182
2019-09-29,9.193347013966969,-0.4986717586337821,0.6584408305674835,0.611550596234479,-0.042151100401209285,0.7689905186120358,0.056174138769968344
2019-10-06,9.171298820876197,0.1942756459766211,0.5464337235205091,-0.08919417964381679,-0.9596000400683795,0.6244083336360216,-0.23620121403225153
2019-10-13,9.932077377308937,0.5798790140276988,0.9382936160910875,0.49150506819024165,-0.5197474192723682,1.5093615581981135,-1.5594306406073433
2019-10-20,10.910687245572637,0.49129645974071784,0.7828055698651968,-0.0049525540274196304,-0.23684297390416803,0.3003198725978456,0.25766109723387925
2019-10-27,10.594750210146147,0.14465788078516667,0.9751216942625479,0.16885363734254408,0.1528843820052185,1.4517690145813664,-0.1353808908282401
2019-11-03,10.936736034249055,1.995260522070848,1.3770516810211086,-0.06606782148894143,0.3529572863947087,1.727379481583856,0.19084884980805222
2019-11-10,10.494835687008381,0.0036627674931107384,0.21749227938548785,0.7904904391135654,-0.6342230296645539,-0.29151423667535076,0.3503890764960829
2019-11-17,12.794624554752053,1.2714035386266735,1.0100458130207672,0.6434340799534262,0.359335736082531,1.2976634007138208,0.5888634204598184
2019-11-24,11.941222816543021,0.6027889745365724,0.14262520325687103,-0.07577639387248468,0.1946626933354946,0.28663365570286536,0.45606120441171744
2019-12-01,11.980939446267604,-0.2524722540599454,0.544044832965547,0.2100812917317351,-1.3407108632585134,-0.859055549220942,-0.18703252519490818
2019-12-08,11.370693825734117,0.538266935513282,0.5311644714152886,0.2255356734704039,-0.21305127480903735,0.45799474936035306,-0.2680929110201098
2019-12-15,12.983209509923489,0.738204106564106,0.3409359138746254,-0.12172286406407078,-0.13731851571076265,0.3915650067212801,0.059952645179122195
2019-12-22,13.184180813870395,0.7331798782819606,0.5002440500276508,-0.19349683827046554,-0.040429885934522417,2.909202288444228,-1.1583963558313701
2019-12-29,14.225247684316933,0.947617041789566,0.20789388386547414,0.6132449772688789,0.19982731817449928,1.5008426750853248,0.6336475771334209
2020-01-05,12.81513467894684,2.2560720372275243,0.76942417474069,0.4477464193237973,0.12515705205103939,0.4617195388244611,0.2693216639841592
2020-01-12,13.588966888271425,0.6405948008943295,0.15026232977784765,0.05428978741961075,0.056003427915821816,0.9685297543122023,-0.12506206804219272
2020-01-19,14.364484210112474,0.496487369531721,0.39008004861341333,0.32025332129565603,-0.25877252640617593,0.3567744068282765,0.09526103990210529
2020-01-26,13.987698159217466,0.6541023702379075,0.14623395540948556,0.5720378326918035,-0.6878824497005233,0.14463849909594026,0.2600737108046208
2020-02-02,14.076570990278714,0.5713172517148651,0.35785277502924306,0.1532261688199663,-0.08572553667581354,0.3629790319721814,0.1311545876315831
2020-02-09,13.876816236013124,1.2790040521116879,0.19858387769801253,-0.8106052527282311,0.5988440203713954,0.710452630847581,1.818733821593355
2020-02-16,14.56752472174121,1.2953552919076583,0.6106308114861293,0.2999254840730866,0.8373730885141495,0.6695914525071699,0.5065456942198986
2020-02-23,14.5398280160641,1.0828887551485438,0.7441004809984822,-0.516233623101019,0.43328772125106496,0.9239212276405164,1.1854683320993702
2020-03-01,14.18150126353677,1.4870606505707025,0.7300932987771013,0.491617311032805,0.5621744954425884,0.6910838335787878,0.3601752011067681
2020-03-08,13.078428428734627,1.8915924300286187,-0.7005040100093836,-0.3887248836881321,-1.7120037124542757,0.6681178633758076,0.23215311661402654
2020-03-15,10.866920008171558,3.1462808903047312,-2.6945482253946915,0.6370041750726689,-1.5680797565157407,0.23102331337502136,0.5628760039222797
2020-03-22,9.116827801007613,4.93952598307822,-4.638686454624937,-0.34606170235132405,-2.8014976687260638,0.7661883361563459,0.9681128125213027
2020-03-29,10.114938856194751,6.026175727520424,-6.90918052573801,-1.08085922353437,-2.2776014005996195,0.7758723173098133,2.1833321161510857
2020-04-05,13.074093210885009,4.30359015303863,-5.239036813347655,0.9673286400234065,-2.905178867802576,0.9734935743659034,0.25212139289282043
2020-04-12,12.845022491214818,5.062789684604755,-6.065159801917431,-2.4110254572973018,-0.4184040715615092,1.612447019604366,0.49850892733578467
2020-04-19,13.530790459286953,3.006884996336637,-3.512242327821729,-2.6123724039924108,0.8349621051758329,3.621233916735058,0.02212052320071964
2020-04-26,12.602312546644479,3.636934389391102,-4.778404474834858,-1.6092435075020333,-0.1283168013048799,2.2252984351375207,0.7713560371181999
2020-05-03,10.87811638828019,3.6063458805791586,-4.566118954680042,-3.421835790693386,-0.6873684067560384,0.06974694420031066,0.4137493771724311
2020-05-10,14.144142973419347,1.9674260316626633,-3.171570295696092,-1.126806795999234,1.3571446091403176,2.0972414996005595,-0.08294407598790711
2020-05-17,13.527053357700238,3.214321224845218,-1.6419909288234769,-0.5535141041370701,1.555673708093168,0.5795662876050537,1.218647008379328
2020-05-24,12.704102712026494,2.1587617304488034,-3.2041851512663633,0.2600641006255058,2.0023160942799434,0.3498373114088969,0.19523869752262582
2020-05-31,12.603368204546484,3.003412743436268,-2.1827356056213985,0.23539410428895335,1.245574193769243,0.5301205201554156,0.36969890462932664
2020-06-07,13.093270587764755,2.2678383299402203,-1.3935544490150569,-0.7448767846200401,2.541824119903775,1.5889080388503076,1.4439566366635435
2020-06-14,13.038454400900832,0.975924556434162,-1.9476374057104362,0.12145085172016751,1.36045730171114,-1.0832490608866479,1.6255718002835795
2020-06-21,13.278270742417781,2.4759376836038722,-1.2230866375167662,-0.051058985853875805,2.0624663669003014,2.5979317571055573,0.1465423939698042
2020-06-28,12.088674155994273,2.24943558422266,-3.210794776196235,0.5096465052173451,2.4866145050745514,-0.24189232550017856,0.679919502931017
2020-07-05,12.227524566647778,2.357142558805478,-2.5589140057418276,-0.22878852381015388,3.203773097935649,-0.5634123825341723,0.08696816400514999
2020-07-12,12.890789176333712,2.1266220317897795,-2.2880398149590064,-0.31878049918956264,0.8304531595444424,-1.9107729379751062,-0.5110837628856038
2020-07-19,11.740420477566486,1.4599735874787374,-1.5925535638380068,0.2828385364481324,2.085308784529077,-1.9874130718884804,-0.5619010857115697
2020-07-26,11.443835692409872,0.9510034802817441,-2.0662932364592947,0.09410502608837022,1.316694103293172,-0.6257641510338694,-0.4424259706822157
2020-08-02,10.20644223888191,2.631944291616919,-1.2031282020325367,-0.11381492959747291,1.6919793523664144,0.327204645052165,-0.8890117343738837
2020-08-09,12.079776370775697,1.6911782852019615,-1.195351377360626,-0.00919544084443917,2.3671098332499,-0.42554180642187145,-0.5960863793467077
2020-08-16,10.603011055080414,0.3698529554690695,-0.9761364309053127,-0.8531231413211839,2.3972162169442677,0.40109358378839355,-0.60526709705094
2020-08-23,10.14047221978289,0.6095097955835443,-1.220612229114925,0.11449599461045676,2.874507302491059,-0.7789074835378108,-0.4416480915021399
2020-08-30,9.670093770846192,2.2509223113138086,-1.139256875170227,-0.9052107649101739,1.5638830682067897,-0.294093219042173,-0.8393576313992879
2020-09-06,10.315313297231297,1.5810034634076813,-1.5455916908859315,-0.2696209452871166,0.8970833326911876,-0.043276608083974,-1.9492837492288695
2020-09-13,9.483686897137595,2.595922470013616,-0.7510115459821504,-0.462273305834492,1.6555501594192736,-0.1702267499755959,-0.46060345018828325
2020-09-20,9.0924217027902,-0.6065854688315566,-0.8677223817592808,-0.7558109128769208,0.8037915649717354,-0.9666433041464555,-1.0972768200988998
2020-09-27,7.962111889106494,0.03773173714619244,-0.967540920318589,0.35388141539890255,1.6550517442413306,-0.7274633805107532,-0.9446035655241855
2020-10-04,7.630346658780088,0.22177373337208958,-1.7977897580108437,0.27140164539329137,1.080578540736585,-0.9532190234680731,-1.2039139619982195
2020-10-11,7.933491580811535,0.4631567514184575,-2.4431450443393294,-0.16777283401478083,1.4579442081155938,-2.7188680045062834,0.0478195525494449
2020-10-18,6.611158766206409,0.22293932817856987,-2.4709928961373513,0.3169591482256584,1.2650535547608233,-2.606915601213033,-1.6617545285109683
2020-10-25,5.518923256056645,0.9503412378312832,-2.637496400567548,-0.0580795048934024,1.9284641002026308,-1.546889762706018,-1.4340640662388027
2020-11-01,4.770751620878752,-0.9217765890273029,-4.006822155084472,1.3180840621059602,-0.650255208628135,-3.7870115523661303,-1.4809467836553687
2020-11-08,6.352454094767116,0.9279133613133672,-2.1663692276726114,-0.9977810391981847,1.7530387886049266,0.013982327594714742,-1.8309277722265005
2020-11-15,4.3156159385363955,0.04547071638688606,-2.916251945156462,-0.8973521713056754,1.079296496791393,-1.1354903047680507,-1.9077613543793404
2020-11-22,4.018066765406513,0.6830977817217367,-2.1153481058016723,-0.25395620341027386,1.3461211094612435,-0.04638648291384484,-1.785026477685541
2020-11-29,3.4875784445539577,0.6468161758183625,-2.1201512247376453,-0.3442023387774583,1.3101999229897034,-0.43129734461341845,-1.1744747299217335
2020-12-06,4.03833985807791,0.07052554803814859,-2.155890664734936,0.23473576995970916,1.1093687696438532,-2.0527366095131376,-1.0095313172089286
2020-12-13,1.8813197928876346,0.39471369164889,-2.554182407506664,-0.5355428089499833,1.663585162198457,-1.1068650704589709,-1.0669383068188558
2020-12-20,1.8807748701861804,0.24035513971326825,-2.6232741227140317,-0.09409992193640887,1.4919746649424246,-1.0163996099310262,-1.3868023769699322
2020-12-27,-0.5123702371491363,-0.03023741943686134,-1.9964130629247387,-0.10882593440715693,1.8609058777537006,-0.8046800876672808,-1.5614352288883884
2021-01-03,0.713241748125648,-1.5992211845270796,-2.719831078595758,-0.2126611148232082,0.9745560262078654,-0.5800246448866728,-1.0354653022554259
2021-01-10,-0.11225628011484515,0.2749415573310956,-2.315064390969758,0.04769131844178217,1.0567270681175636,-0.45430081837445996,-0.8164912554967187
2021-01-17,-1.5296989396843643,-0.4400918454448775,-2.3176935583350287,0.8377492116025016,0.7414862277282793,-1.0849126532293274,-2.5277258653398484
2021-01-24,-2.1185360227215027,-0.1415100155770002,-2.1354548716108686,-0.36759026524724997,1.9708855976884487,-0.43038734783238064,-1.337851648869019
2021-01-31,-2.0941881520293584,-0.36313553431513207,-1.779192187294523,0.5497551249203935,0.8521765425413949,-0.4882115378078176,-2.4249359010535962
2021-02-07,-2.9408340023631308,-0.550181866072058,-2.236610809471223,0.48446692296286453,0.9566985414026457,-0.6390552285349917,-2.6002186933948717
2021-02-14,-3.2420372925780305,-0.7663989491766185,-2.861341556429728,-0.1766459234837695,0.4922913391981471,-1.0435948951554053,-1.2884390220231674
2021-02-21,-4.26418262977779,-0.6306078799465404,-2.372357959647832,0.43982887737052373,0.8177353103410613,-0.5517733386598398,-0.5847075632662472
2021-02-28,-4.276364594687762,-0.9262733913484631,-1.8752868598732015,0.41913318511460196,0.9392050166492585,-0.7016208822577661,-0.549163553249733
2021-03-07,-4.137095125667661,-2.7869311153636356,-1.2190303822887762,0.8312537820192165,1.464118851033498,0.02302004159060451,-2.1244505678782435
2021-03-14,-1.4238864900146606,-2.9938608480125963,0.9364672869643267,-0.2447706154648706,2.5014615355882,0.3543675380901251,-0.9636526662776164
2021-03-21,-0.6290706758626758,-4.8445847846813175,3.2655340877263868,0.5587967475264923,3.164532226218213,-0.012934705267526506,-1.1115219510579049
2021-03-28,-1.283753955802375,-5.501171991138144,5.798516489533966,0.8245869478779906,3.2897941923656155,0.6600160167891839,-0.6767160342786527
2021-04-04,-3.5754308055661603,-3.2680471590631166,4.237870134313638,-0.9435441443169492,5.080531838244567,-0.20590183003950507,0.8613775739496664
2021-04-11,-7.057156388787189,-5.371496078349603,4.480016816207278,1.5493172206095394,1.4962791624788199,-1.4559903922770931,-0.640563879714114
2021-04-18,-4.063060851815837,-4.505317207025338,4.33996568793774,0.4570667425066259,1.7889407934382269,-0.4941656103357638,-0.8502138010179616
2021-04-25,-5.16303329182505,-4.3687774679737,3.436938532424056,1.4286972409792105,1.039503598884333,-1.8367163190950284,-1.2964909912291538
2021-05-02,-4.541281952010274,-4.536265264794692,2.7464802152531456,1.9781272701227173,1.0385603214148835,0.31832190166068686,-0.8355167094512701
2021-05-09,-7.669222887551181,-1.223999618186046,0.6873070906233633,0.289280786747445,-0.36831543874778166,0.21434457962483444,-0.5010790118014243
2021-05-16,-8.493372663210225,-2.841296983869692,-0.7280935077660146,0.08639092233430659,-0.6036198770951597,-0.13872649998009567,-0.47862908656175096
2021-05-23,-10.827499239219492,-2.173768348664765,-0.1258451148057214,0.2098145414753543,-2.229536719953511,-0.3231971075201334,-0.8367968052478395
2021-05-30,-9.876994123356283,-1.9278387166988076,-1.2053935489632481,-0.6902872890774558,-0.8618249307179373,1.153449749573912,-1.2131120409767788
2021-06-06,-11.148222262754233,-1.0343463380924727,-1.6868482221923973,0.6651856076377257,-1.206776406841565,0.7965856818526469,-1.886812876286115
2021-06-13,-12.184605245368749,-0.23772026432491972,-1.4778365975801986,0.5891849995624474,-0.2361100319461214,0.28358917440585457,-0.6360140604504289
2021-06-20,-13.428079180846211,-2.5591005930321034,-1.8348781077248515,0.14340540158646028,-1.1495773330934418,-0.5168957770309504,-0.779461064965801
2021-06-27,-12.990072236500804,-0.5195173763382093,-0.10204797830322086,-0.42238024064628443,-1.2434769277412048,0.603743761603592,-1.1449565910206474
2021-07-04,-13.765392458063198,-2.737372018987626,-0.7449832732776438,0.31532390627460155,-1.8432562359735094,0.039705787022851755,-0.573028649320452
2021-07-11,-14.660091797413576,-2.872101002906947,-0.862255152790822,0.6949437502115788,0.40090634062926744,0.5415578464868951,-0.1500494869624369
2021-07-18,-15.365333335190813,-1.8152057048124877,-1.129861825546161,0.5931871996175557,0.045099677355700335,1.3644923519672247,-0.35334295035031793
2021-07-25,-15.76280191831343,-1.3828746617645746,-0.7343016857561112,0.8267270055329595,0.311291573740897,0.5943375336047543,-0.32442520299980776
2021-08-01,-16.0758985060468,-3.4474511766848996,-1.6178463596002104,0.06501596191142552,-0.5175845088318275,0.35383452174046975,-0.5491193158614619
2021-08-08,-17.9556364996879,-2.3160454951942557,-2.9696816586040984,0.2679479848402509,-1.6756668290315575,-0.9105882306761649,-0.28312193996442525
2021-08-15,-18.072394243690432,-1.737226393193277,-3.602231404943179,1.9352514064689756,-2.376420002709684,-2.3684792626842635,-0.10274596966638559
2021-08-22,-19.348811239246352,-1.423525610453302,-3.109417278461835,1.100993748936362,-1.7561530809888048,-0.8004119180787982,-0.7370471098566813
2021-08-29,-19.235240041100564,-2.929409262969545,-3.536473753197576,1.3809566266670168,-1.3497735631970207,-1.3164442212110143,-0.29620762936045997
2021-09-05,-20.247702629403022,-2.5553862058256023,-2.8395376660744405,0.9502980101307432,-1.111939367195976,-0.036808694983917756,-0.8601263053713376
2021-09-12,-19.58428234907359,-2.81925360592626,-3.3523537931823433,0.312572037844679,-1.0244100372752007,-0.41718292264767326,0.7042277776874579
2021-09-19,-20.214855461561093,-1.6902583256406352,-2.663011045404227,0.45685985580675015,-0.8974110095857385,0.3225335954532638,-1.0749081770659212
2021-09-26,-19.793950766571914,-0.8856169016838722,-2.9906431416298465,-0.5959131543974874,-0.24031921903629602,-0.7649426245674606,-1.503469942507746
2021-10-03,-19.98983769587766,-1.577492124247786,-1.2517444986659043,0.0874546761669344,-0.032201301368317704,0.9795851948239898,-0.12521052458744453
2021-10-10,-22.145290175758706,-2.1421950246261936,-0.5192313881281589,0.8996469902692882,-0.6614570308823339,1.3420893922700627,-1.2809584764401394
2021-10-17,-23.112252352561946,-1.7107067801755662,-0.6268847257226002,1.1542204586183848,-0.6107877787015527,0.654457457939884,0.5616155079217119
2021-10-24,-21.531929507496717,-2.511780295271828,0.1658261244254635,0.13847799774128358,-0.7624673979770783,1.64613517657681,0.38537844876227845
2021-10-31,-20.66963453895191,-1.9936831907822299,1.3500384117458382,-0.5511193228677551,1.0544819230119105,3.4527770566690137,0.4410870238641132
2021-11-07,-22.325337972711807,-1.660978045129219,0.6821991333150377,0.2837622263935282,0.3937688314202105,1.1921082272313377,2.0540964113147875
2021-11-14,-23.590273856357403,-1.9783361716715493,0.5417761577456395,0.8148919841710754,-0.4094754225756332,1.237907506037354,0.7214904412292792
2021-11-21,-23.66672799865653,-1.6833688026205686,0.17676264929100485,1.4084890560707142,0.4216519814508037,1.2990892880359812,0.9252603403554794
2021-11-28,-24.294500036011005,-2.0157619605688617,-0.018764025127752507,0.7936281055388873,-0.38823988275801946,1.503250566950547,0.6666412086293767
2021-12-05,-24.961279789085477,-1.6094425451723033,-0.255361034811914,0.5584516001355829,-0.3515393195520274,2.1179797041630724,0.6077475851139014
2021-12-12,-25.77319853303463,-1.379003796542041,0.2939400954046907,1.5459654037929895,0.0550871698592728,1.3864883992708141,0.6520713692461196
2021-12-19,-25.52957885326842,0.06321328900643279,0.5849409527804632,0.4837253614983557,0.4447080130169937,0.8651599382511613,0.5169637351819629
2021-12-26,-24.822832215935602,-1.2495288250096392,-0.1997242171761787,0.2574630118616552,-0.4305327292124544,0.5358056757662739,0.554480821751471
2022-01-02,-22.450899809714663,1.6951067919225997,0.46790062253499604,1.2105982016967796,0.8115761812450388,0.06999175573401771,0.015891707716449884
2022-01-09,-23.026977540667094,0.5511937795271624,0.4526892139021047,-0.23129855270415228,0.3539606190786627,0.43069357792099744,0.4578833331960001
2022-01-16,-24.88860485901475,0.16509149605093912,0.0452213975866569,-0.7724110068996781,-0.5377211443663252,1.6361215242912752,0.5241810389019474
2022-01-23,-23.021347825146535,-0.12857596620643771,-0.144850130542519,0.0061330259153007955,-0.825996139330462,0.7093667550319349,0.2923856902935531
2022-01-30,-23.121688157946014,1.2787475764903977,-0.36357594469936444,-0.26805733088932754,-0.2335819447414187,1.225105238988868,0.4221851994575073
2022-02-06,-23.64283710775076,0.9170280469227651,-0.0717938893146765,-1.1570485658344185,-0.26716545073849746,0.1822502510337317,-1.0189755921215555
2022-02-13,-23.68987441589729,1.6257239153570564,0.7343290540486928,-1.2436103271702252,0.5332023469537152,-0.2771244403433669,0.5445608976915026
2022-02-20,-23.371364388634102,1.8226498827861273,0.5682832833254803,0.9387681621572136,0.48074379734198425,-0.6279700681425155,-0.2567402104855442
2022-02-27,-23.25704478601252,2.7454435685754732,0.12847076420605427,0.4673068666072842,-0.20666240748362785,-1.211723437227963,0.5066670603978345
2022-03-06,-23.616922725799576,4.287764319962767,0.579470348634604,0.12356044861414603,1.1690623543091678,-1.546358816599327,-0.2973981501464926
2022-03-13,-24.325866322361712,3.813015487561374,0.2873963787853218,0.6432548979621799,0.41598625032738973,-1.382323671461955,0.8486805688855624
2022-03-20,-24.333528877586968,4.506788711430426,0.2018718723708092,0.8535925547663809,1.0662411252448787,-1.2296115909918837,0.989169677504045
2022-03-27,-26.44047231426384,3.565830822832338,0.035058489224611966,2.0164668599313607,0.4389541496537525,-1.1025626394122443,-0.7464663696923678
2022-04-03,-26.186983169308085,2.6006242763849645,-1.033967531173105,0.27350350184356753,-2.006706985902162,0.1093030666997818,-1.5852063514530366
2022-04-10,-24.138786505801,3.1192389178875986,-0.1306366129438283,-0.504245245608586,0.7403032436826034,1.089116453496385,-1.6533497712195393
2022-04-17,-24.98592188135451,4.526216614898781,-0.19057922966550825,1.0503893910941535,-0.24708823264108787,-0.3089059070087079,-0.17590939955736234
2022-04-24,-23.91758492420532,4.4258066433799454,0.840306641183508,-0.8839022805000429,1.4639993815777674,0.047568459939214804,0.31257816287616547
2022-05-01,-24.880610919055876,2.6680881073498104,0.771365463092589,-1.058432322639745,0.48465850121394405,-0.5247636112616398,-0.6877008995806723
2022-05-08,-25.723555060193434,1.8686408025680843,1.116327076572285,-0.13178158159386905,0.05746584630952055,-1.0482484745969878,-1.1476808916748662
2022-05-15,-25.462810198701295,2.4145452987900247,1.6573073349840013,0.07661264286784669,-0.112372326482545,-0.6304915708146465,-0.44354186294580744
2022-05-22,-22.208703994462798,2.7198846478852907,2.3313686328595207,-0.6866069890138188,0.9831185653513983,-0.6428417007402593,1.331764569332449
2022-05-29,-23.60455124044159,2.1242407083734456,2.64006475585912,-0.5249598597212717,1.3741406105502456,-0.9138992637702235,0.56100274750585
2022-06-05,-24.297828461561025,3.110415213236875,2.6278258714087936,-0.4899509055360857,0.7023470140844364,-1.5145402959993355,-0.3726443306697522
2022-06-12,-24.465369913988837,3.131942289686054,2.7091946275318106,0.967999373741549,-0.8102488693924474,1.151625361120136,-1.6730962626163663
2022-06-19,-23.28019464577545,4.601178146183866,1.9608698484930571,0.09963474746297309,0.6926867302757691,-1.6886207993970206,-0.1438069745687365
2022-06-26,-23.435179275968796,1.732574797469445,2.0615694299931984,1.4356196896366127,0.1940904213284034,-1.2988863786351235,1.0511716824337116
2022-07-03,-23.591125940714686,4.608410767507114,1.6598190702466127,1.0807589471090973,-0.09520299862213809,-1.0362804750510242,0.8838000218780148
2022-07-10,-23.499007736012363,5.303657024551029,1.6718569229968723,1.5471423023412056,-0.33200869872249467,-0.1698083135028039,0.5897826899048474
2022-07-17,-21.386400932732712,4.637728586479024,1.668893103406848,1.6673188202504294,-1.8330933243556486,-0.8210863354752063,-0.7532392033199489
2022-07-24,-21.936969950612276,4.461318756498949,1.5338099217308692,1.211969982929764,-1.4230504670402067,-0.7500564394337222,-0.44901920682484475
2022-07-31,-20.58162052877925,4.793290441131485,1.892543096629252,1.3140700248523312,-0.20466956656527702,-0.2855260943880223,-0.3296351300440133
2022-08-07,-19.741122568904963,3.634043250174921,2.900974149039481,0.5571121838185822,1.0213834366200134,0.532647790767221,-1.5625051196378852
2022-08-14,-19.056129571681144,3.7547468700786846,3.264163592870849,-1.2612117654589714,1.0565510011566086,1.5774143368132727,-1.780019694129255
2022-08-21,-17.971129225785774,2.2143808429334624,2.749317466006054,-1.9384211201366386,0.23626774813604035,0.4439870277948918,-0.7604395324180541
2022-08-28,-17.714281954032508,3.6500565076170437,3.336494108623686,-0.25731798878543327,1.0260162028290816,0.5492275465155689,1.021841686650368
2022-09-04,-17.649796356146673,3.7912348386554147,3.0296183628967355,-0.06222313079462413,0.6845212411746066,-0.37703302617669393,-0.9869396178450178
2022-09-11,-18.335889127869386,2.526623567135969,2.900631921849537,-0.0003973187421284277,-0.6535257360706461,0.00030579062551382895,-2.42271587050667
2022-09-18,-17.00742969376221,3.1983084282013734,1.9110618034923603,-1.3554220836182382,-1.2944273856418111,-0.034918487729957495,2.647413067071259
2022-09-25,-16.87647229839913,2.717668553099399,2.3967896879166473,-0.5906890348872973,-0.9688743846296078,0.9059044909818684,3.17989470756522
2022-10-02,-16.968779247516302,2.2127069516472044,1.3141719878807183,-1.259668271510689,-1.883818637414595,0.46209534460997337,0.8800659353936556
2022-10-09,-15.206187172789601,2.9260852169309692,1.078192513296072,-1.7031196848502144,-1.917562576902376,1.2864487671928617,0.4450002729954077
2022-10-16,-13.546729909667553,2.8291084054633724,1.4589562575357042,-2.064805164236037,-0.564222042673096,1.47098748777222,-0.05920933877064029
2022-10-23,-14.479670267427515,3.778161615244809,0.9744428123317144,-0.1372169654679679,-0.5183444540838027,-0.8766672589719663,-0.31028202988928516
2022-10-30,-13.647519481485764,3.7903250747905752,1.2245914302832661,-1.2885069383909713,0.27406691274427675,-1.1745960018794708,-1.484676536530243
2022-11-06,-13.576208118242812,2.6152868292319007,0.5776684387046248,-1.72087592361379,-0.8870824086122313,-0.4555185231566293,-0.10350715955799693
2022-11-13,-11.7566336043949,3.0262667659851865,0.8757122369616451,-1.9407109433582344,-0.49144226455184276,-1.2190271732932805,1.058267199902
2022-11-20,-12.067976485117345,2.039078609317446,0.32823084954204707,-2.6540302034297327,-2.4638379543068605,-0.8749179849536273,-0.5035092090455577
2022-11-27,-11.395992102097276,2.302048684856683,0.34352222558657725,-2.0869880970558885,-1.4668807621100943,-0.6761859573900946,-0.29962426665010816
2022-12-04,-11.09931326345168,2.673917921937921,0.7075713807726,-1.873278249901675,-1.7001039530814681,-0.6160764840623758,-0.35326743166582714
2022-12-11,-9.58867340327324,1.8453284232232796,0.19519314766143303,-2.35684318144079,-2.3240761015316878,-0.8439581356189393,-0.43916245503821627
2022-12-18,-8.823036589853757,1.331289130235383,0.3727180200934732,-1.0941091457724934,-1.8475967921015495,-0.26880098203424024,-0.05087513605325076
2022-12-25,-8.895875029539118,2.2237582782707164,0.19616704150273323,-1.1065178708828054,-1.7283052408014217,-0.24414481244945033,0.025986037161361834
2023-01-01,-11.915237405280903,-0.3837243854048066,0.0632094446353612,-3.2264124155577396,-1.885419482947872,-1.1523102807851566,0.04172807667670055
2023-01-08,-10.05674236685443,0.9369967221731744,0.45210715024995357,-0.746620671989469,-1.1583170986085962,-1.048968353544791,1.1066003684679708
2023-01-15,-8.326654606629175,0.7671070631485649,0.6447632839061226,0.013869962691769482,-0.6629979255708369,-0.3257057306202437,0.28149598110601903
2023-01-22,-8.550054759979341,2.893595186161974,1.2107817781981092,-0.03189936030582016,0.012294461812788801,-1.2226304835197874,1.247558151018202
2023-01-29,-8.416200605017663,-0.48482702395263777,0.5401976912431466,-1.5332431992867548,-0.7846246133416283,-3.0306020476784923,0.2742148418792693
2023-02-05,-7.8106862443783704,0.7195004035546155,0.655644464314432,-0.38319857421023107,-1.5719826247416868,-0.32096541051267646,2.6894301044758886
2023-02-12,-7.446717572721065,0.5943087655730422,0.300602436913565,0.8105665481185941,-1.8679175081581558,-0.36210194397656226,0.7763460471329847
2023-02-19,-6.333763061956847,0.8133295559675964,0.3815893627538955,-0.6500479315597307,-1.6011695550901948,0.9481777901805672,-1.2659708856805796
2023-02-26,-6.625711836250474,-1.1644800825222055,-0.26072381562326336,-2.0057862398285695,-1.665525546653178,1.1568693418784597,-0.6477602767538123
2023-03-05,-5.968800570465879,-2.4133289318625106,-0.5416215046994547,-2.142144538944891,-2.887121533073647,0.46375189036661246,1.3378555186358143
2023-03-12,-5.114749074933622,-2.1011993574930123,-0.43430419690191363,-1.6981429125960827,-1.7319827338509373,0.636792383094719,-1.0535258067285298
2023-03-19,-4.621187426657169,-2.2485956175449235,-0.28473609191719856,-2.7306143062853185,-1.464728017666835,0.2811777316283099,0.41512797973647614
2023-03-26,-2.8372329341505873,-2.8833034778675075,-0.14470143099392554,-3.445222907072345,-1.752195205072637,0.3467564137511797,-2.431090625373115
2023-04-02,-1.9779560509691494,-1.9726333276701065,0.8479878027448233,-2.154397242617975,-0.37886045010381686,-0.7892290701423028,-1.699958859662771
2023-04-09,-1.7360118178345858,-1.5630065727136557,0.15340133772900563,-1.2622312611711943,-0.7447677371216492,-0.6366293521411881,2.4060153461854528
2023-04-16,-2.4379465270306886,-2.615661098876338,0.43773558631592135,-3.5081207517241504,-0.599454932285742,-1.3676810027040562,-0.17357581486682086
2023-04-23,-1.9434406652049896,-3.482609203020856,0.5458375452727418,-0.5690895769473601,-1.940192328839357,0.9638950625956342,-0.07753643373491731
2023-04-30,-2.4611552463734085,-1.8220261998996414,0.6469979842203422,-0.5459954640514801,-1.6851126588497574,-1.3757374247711047,-0.4941212899401161
2023-05-07,1.298831671311864,-2.5263136388457537,1.598442048712214,-0.5054153830863054,-0.1395916127144634,-0.23816690492187162,0.6999080090785782
2023-05-14,1.0992154648571861,-2.564453345346782,0.31598033211347204,-0.37045077131895876,-0.7224643218790258,0.2529232312456311,-1.2980776275882642
2023-05-21,0.6402939739161687,-1.6880015169093543,-0.0832473479693227,-1.7287989024380896,-0.682746010637729,-0.9126383471654999,-1.2830491210479724
2023-05-28,0.5052905735931348,-1.1365771220404237,-0.2582004679899304,-0.010557660702823131,-1.5424803785363437,-0.4819202581626411,-0.5702920882626912
2023-06-04,2.2803721576450453,-2.0738945657073806,-0.5246823616706131,-1.7691660569480196,-1.1718812275695571,0.2548069182949042,1.5375608748599265
2023-06-11,3.2603054731840664,-2.0634306933543436,-0.5844114670216695,-3.120919862840379,0.23928883032014966,-0.69466441567678,1.7510598645058408
2023-06-18,3.2172049694796785,-4.14600763220474,-0.09724833091834315,-1.6056267442119923,-2.1647777676926063,1.4077149847366734,0.5738545545184248
2023-06-25,3.567230205730253,-2.600241579611633,0.09398906395308079,-2.499444397583244,-1.1399763417472784,0.6433210807112233,0.6168660621001428
2023-07-02,3.9599705697934797,-3.8581192854626956,0.5573585174820833,-2.6515734586314963,-1.3666973842600683,0.8566356008506621,-0.8169831184933367
2023-07-09,5.414148885216148,-3.7395909702224075,0.3842167529600394,-2.9587118714879708,-0.2072514482338607,0.8707873484685649,-0.5594849272818948
2023-07-16,4.241208746866065,-3.3427065650566727,-0.12323428349521767,-4.853545888696394,-0.4090542698629299,0.042724619668206155,-0.45000291292934563
2023-07-23,5.021308667261457,-3.9465566089982818,-0.17724292639236094,-3.5603740873696164,-1.0143609000500715,0.13213681930229942,0.6734573422731931
2023-07-30,4.678071822059811,-3.741148710317105,0.18173026806479864,-3.4803847056068076,-0.7903758786857321,-1.1789817088767631,1.7252517814751656
2023-08-06,5.53899103221906,-2.3292311158987657,0.14017118559871888,-3.660527279079737,-1.024404408593264,-0.8776864484506022,1.785618027357678
2023-08-13,5.423193614815303,-1.9722514388780419,0.1653120355539785,-2.3712837631121855,-0.6452592946832233,-0.4407120760992974,3.0643068927558135
2023-08-20,5.803891771525457,-1.5521502507072056,0.7807234215973722,-0.799921600367546,-0.23760704878254724,-0.4796048046971398,0.16533296036653933
2023-08-27,5.554751138670501,-2.591573142973706,0.16834315682340453,-2.67769500859046,-0.4501166705729579,-1.2937827310046595,-0.8547537898661663
2023-09-03,6.40657233735969,-2.029127850202827,-0.06751301917977572,-2.4477162773695516,-1.2879336471667822,-0.5145561456300882,2.471163838269243
2023-09-10,6.436694083494698,-2.6956499092016637,0.1336388318952003,-0.8414982770917274,-1.0574709696963016,-0.054806721116756295,1.409616145258879
2023-09-17,6.37136515917767,-0.7656671736072018,0.14193484589483527,-0.8307149278113847,0.3106190535309067,-0.5513347039975655,0.020867148810683755
2023-09-24,6.721208529104111,-1.5706068055040767,0.5720544702863433,-0.3617402176720395,0.2988009863012641,-0.22139488024406578,-2.2688899023863396
2023-10-01,7.430911405205506,-0.6046545735455258,0.6609528970441366,-0.6207061717083748,1.6845136880630798,-1.7713111213085917,0.9784450435977807
2023-10-08,7.059295966378951,-1.119839229236383,0.7751082422163441,-0.5385259505667875,0.34542257746196986,-1.4215030718271209,1.0987102317412687
2023-10-15,7.544595373756367,-0.8959352665158404,0.8051443152751548,-0.4750187344699648,-0.13022137493337108,-0.512284181296988,0.18286071564352677
2023-10-22,7.490011972823205,-2.163645161052235,0.48695415445096346,-2.266788017935271,-0.3581971269108924,-0.8581785493957792,-0.674334192925216
2023-10-29,7.041785909729481,-1.9863239562562647,-0.1987091119750777,-0.9031050955255466,-0.3708952162246537,-0.7074501891787838,2.750144248486907
2023-11-05,7.899791711321671,-1.7273509834993874,0.5402095350914617,-0.11079319924069077,-0.5741000089727534,-0.8423222793610254,-0.33731701082367577
2023-11-12,8.250715637687032,-1.3173452377941357,0.41450163428301745,0.23415333023736895,-0.8166984921747544,-0.18129223851479082,-1.7652833445107106
2023-11-19,8.831127052639296,-1.035285062787838,0.5594816054930698,0.09122036622693243,0.18179193874560057,-0.7594276791712482,-0.0038436831931702975
2023-11-26,9.162251109731029,-0.1890358001525639,0.7798098057535738,-0.0580948819233588,1.4294915439244429,-1.158545869879929,1.5662233961652203
2023-12-03,9.353447859117507,-0.6856418238060424,0.7601105539690288,0.31007907119871764,1.5118832361682886,-0.39792380148808637,0.5062501280639959
2023-12-10,9.210010001042795,-0.27617068320089105,0.8954245659903792,0.028109537301204614,1.5293089298336455,-1.0688333047766194,-0.7944519032897994
2023-12-17,8.823704978194442,-0.9922859261428129,0.1550749198344379,-0.14252237441192578,0.49732621878928857,-2.4249172304904163,1.5937682880041757
2023-12-24,8.67098379254439,-1.234744756567898,0.5851196623050892,0.2387365162840786,0.1838098333499647,-3.0207908517265762,1.4935703518729881
2023-12-31,10.257676432400173,-1.203271629685915,0.10575725316423737,1.5298193616976061,-1.2001948708588195,-0.5917238988704416,0.21117493128058065
2024-01-07,9.853762492862254,-0.7086948432964667,-0.6321233569048881,-0.06752858873246562,-1.1667877015508623,-1.0096138860557902,-1.0871908111888904
2024-01-14,10.423736972668259,-0.39997490923146173,0.34003250281021213,-1.3915228984236463,0.19970746462349961,-1.589217231375011,-1.6780951956115662
2024-01-21,8.729827089128012,-2.08106684214142,0.38787953040938145,-0.6625447003693218,-0.1614947763201142,-0.6811399943569009,0.3709209230918826
2024-01-28,10.85759032794319,-0.7271629319271509,0.2319038059915251,0.8927102919724254,-1.0987605335388144,1.8460675232049233,-0.7748809563337276
2024-02-04,10.591420187106882,-1.5906013204016811,0.2553946644968408,0.3736943344085413,0.21483165090092493,-0.6069326589143497,0.11613509345015996
2024-02-11,10.31169175906487,-1.024498929140848,0.20262281434695958,-1.637473858315213,-0.25379657368076103,-0.1557340278168054,0.19238496827764018
2024-02-18,9.012273464094326,-2.4733207438561147,0.2316149440624092,-1.3864791497962212,-0.6003199628426025,-0.6015961059541901,0.08700554795780784
2024-02-25,9.723218854423589,-0.7689240994451072,0.7226815872818763,-0.38297965587912847,1.0394862225942292,-0.9475630097959454,-0.9991993902376917
2024-03-03,10.194378141416966,-1.1325565528203794,0.6355197123975816,0.45726385043442735,0.5426125669284797,-0.637891365255018,-0.0522852387925828
2024-03-10,9.98698213225359,-0.4081179380148331,0.4979422778411757,-0.35932538708220607,-1.1256104404449911,-0.7629380969170111,-0.41540726733921624
2024-03-17,10.27124245470312,-1.6848288149743873,0.1613087679171717,0.7964442878428881,-1.334658636310705,-1.481916640417504,-2.0623882822512427
2024-03-24,11.05649218483152,-0.7931224271063075,0.08740339402032071,0.9592625837568733,-0.4756717151774739,-0.17948237259845698,1.0866904477504866
2024-03-31,10.57389331660595,-1.2540114066252424,0.01135124738732621,1.3302332925714218,-0.7167882106417575,-0.7005585012700338,1.6398193966015147
2024-04-07,10.751995209082416,-0.9601173411533063,0.1267084629802753,0.86343983140617,-1.7660644794192757,-0.9977671009732755,-0.7581061627560641
2024-04-14,9.364020438250648,-1.2997236390167806,0.03912080521399523,2.3941553233633175,-1.4357476151981428,0.9670286825511268,0.5882150165519641
2024-04-21,9.821470344935477,-0.3628670684025274,-0.046658157970913966,0.2922778463184224,-0.9890831539090683,-0.5093041639359898,0.18692461565233245
2024-04-28,11.9696545260857,-0.6229772027809266,0.25879577404173065,0.6551980773994528,0.2339176062205467,0.5776861518441324,2.7499949699258255
2024-05-05,10.457314378761748,-0.48368893406373414,-0.03825487863053339,0.28741197055368145,-0.8447445363385612,0.0519785484448497,0.3266623697783291
2024-05-12,10.578927870325456,1.2604898777582934,0.22988116982393267,0.9670615552982172,-0.45861856741250606,-0.1314537326848064,-0.17365559661366228
2024-05-19,8.315463596859086,-1.2951568760822763,0.3134011166794403,2.611731116276435,-1.2955814834933654,0.4205235142038525,0.13069765715753995
2024-05-26,10.760173571229405,-1.5863542133474497,0.07929524152611536,0.5375970366138622,-0.7369292624335659,0.6069924467637423,0.3402317077758338
2024-06-02,10.086523813730244,-1.3314933037515897,0.25460814237117724,1.495412590655174,-1.6567679500228685,0.7025094127143613,-1.1741528567822297
2024-06-09,10.362266748178554,-1.5841118320068888,0.44431336486116196,1.1598778761958521,-1.1497035074427842,-0.09605728505304133,0.06712829927686367
2024-06-16,8.980978114560463,-0.7402814355799512,0.4794243550206449,1.2640714075185564,0.034820717448534946,0.12023602323181805,-0.08367953805236249
2024-06-23,9.521547280131381,-0.6766458442328784,-0.14883003013691104,0.7154837897027837,-1.314668378576574,0.1421699260754461,-1.3012256519441807
2024-06-30,10.457100961520329,0.10262421736438303,-0.11607133403279951,1.0129677536075101,-0.8545659662759343,-0.3921509385287981,-0.01827445500880414
2024-07-07,9.48175634275546,-0.27683735636467716,-0.08853586242568572,0.5734805217763913,-1.604539932490943,-0.12772892403509759,0.12861667829108187
2024-07-14,9.968400818131348,-0.5368381558980636,-0.030757853946747505,2.175916179817826,-0.9403669729592334,0.21682065738273162,1.5271049279584612
2024-07-21,10.409643680747212,0.7502417929156666,0.3814284892481036,1.8826558228800157,0.15436750196409776,0.2694804658879327,0.43922488059671316
2024-07-28,10.802520793779776,0.08517574381161952,-0.2848802263811514,2.2455197810073186,-0.11914890884631711,0.8194320051335386,-1.7367645507048015
2024-08-04,9.866898561350585,-0.28995543831432885,-0.062906418795771,2.621714465896932,-1.7704890978176,1.0362549955815736,0.11083096213978377
2024-08-11,10.344751839006358,-0.6284473105613065,0.30145075232882856,2.1386195590663144,-0.8537828314528411,0.5789646918533972,-0.8896297886881981
2024-08-18,9.915373179318308,-0.5246035686422454,0.0475756014876695,1.8856488568987788,-2.1891149165352326,0.4348308474490258,1.037052194211805
2024-08-25,10.495228835020809,0.5813771548217297,0.056705492740831906,2.5139590706698827,-0.7537694684142939,1.6400937020032142,0.5701892974111409
2024-09-01,9.97932317150588,-1.408899340276255,0.12213906889273556,2.5993883418800734,-0.6619621040627359,0.8804947767021154,-0.5370790103349821
2024-09-08,10.358956718972909,0.9416716381854927,0.11267520696706351,0.6174741190597266,0.14077326421296066,-0.03876415516389044,1.7343949282677942
2024-09-15,8.302110900996201,0.18957695456052598,0.22709201621772718,2.672401531563316,-0.6722119563426245,0.8701234104486304,-0.7915955668100412
2024-09-22,9.343761568131207,0.6502056992584582,-0.16091364815333456,2.1473351959379654,-1.6650677244931364,0.47679520606876713,1.4521047437641477
2024-09-29,9.887588891406896,0.16887312378872654,0.06943588780584535,1.3579275256402745,-2.167050358419197,0.9470453994966601,-0.8177995627287857
2024-10-06,10.4024722853973,-0.6217424432121924,-0.24286343387187537,1.8339242035806638,-0.4489765916208092,1.17073445610483,-0.5172771823052594
2024-10-13,9.858587662648729,-1.024777759363533,-0.45450039492318745,1.4207335982962086,-0.736201176121163,0.14569864008986738,0.4886808571807603
2024-10-20,10.786996219936633,0.46986322466731084,0.0661918934498207,1.593824387083606,-0.6664056991976935,0.16169303560068304,2.818095466990174
2024-10-27,10.816249525272111,0.4393294443642088,0.3310520871853394,0.7675055740067663,-1.073051009163986,0.3857471546965532,0.494934757821459
2024-11-03,10.616905779512985,0.6771131085749331,0.12474688685992451,1.6917624908812587,-1.2081753540859277,1.1158086417648023,-0.29965714770118784
2024-11-10,9.129281221535734,0.4790476700567463,0.09292928606681612,0.8938327191767854,-1.0300938829652042,-0.4479679424480637,1.8910386687057903
2024-11-17,9.998238671771436,0.3114170528292845,0.2928090954934198,2.239751790988013,0.6688885256998888,0.44884819371055085,0.8995005051155872
2024-11-24,10.588481908083832,1.3720777621759954,0.1489921622129221,1.2688794144258448,-0.6710084411979325,0.01443676919151435,0.5247323675200792
2024-12-01,10.212644922910298,-0.03767464234552475,0.07426203956224683,0.6879755106654963,-1.638274188206604,-0.19290951456354707,0.418188655770266
2024-12-08,10.222262994087021,0.4023126418316228,0.26403373602443236,1.517605721672271,-0.8898369341893178,-0.7746537744509331,2.904884711826703
2024-12-15,10.451908051130566,-0.456985601908335,0.6460558614608389,1.4446173651212804,-0.4121687449936346,1.9777178659280974,-0.7990456228941748
2024-12-22,10.979096068605621,-0.3725781377966557,0.4546236327016562,1.4527935146473865,-0.4312603071057711,1.8544003761166898,-0.9848446109073303
2024-12-29,9.99918365016822,0.23268874243492116,0.5256042957681876,0.2470869586774947,-0.18057795038250404,1.0044319375975688,0.2561000258300923
2025-01-05,10.000742844247915,-0.5839826560993752,1.5116562772781446,0.5922661126715951,0.18563544816052463,0.12204156056338346,-1.0036662347943683
2025-01-12,9.459763267757488,0.49512508060410726,0.22889590520736383,1.662521313231527,-0.21637821139919527,1.4231471182464956,2.027113588848037
2025-01-19,11.268619282121877,-0.8660457081612994,0.025993126138059867,0.5546377791660191,-0.9800004287640584,0.592827528893859,0.20254948161984307
2025-01-26,8.965782476866968,0.14602238573824602,0.45131118838520123,0.7522658090023713,-0.1489661130565686,-0.057270050438646164,0.756733227837234
2025-02-02,9.24319313242524,-0.4898729462451645,0.16569865399733574,1.3484948786120297,-0.4262926758849329,1.0017728483720487,-0.9910789364993234
2025-02-09,8.685324024443508,-0.02523914604163666,0.1492411848289245,1.6964364272244261,-0.6302218679118289,1.1144474502180666,-0.801348067648069
2025-02-16,10.31886703880981,-0.10118045193826704,0.16610838113112605,0.9327702441916943,0.10780649687701606,-0.3000048413390606,1.787869706183909
2025-02-23,9.96630055177326,-1.2569156154119563,-0.039329836629805756,1.3573840492523455,-1.5803840723609786,0.5336264890672185,1.4674456314079583
2025-03-02,10.160542056877073,0.3310229649818907,0.18611942297122505,1.2717400679109143,-0.9351076860404788,0.8387392113381127,-0.676629514752481
2025-03-09,9.569764453480431,-0.4228526207638794,0.10425840290760942,1.6061367427781883,0.17746496267272535,0.6161813397267456,1.2867278434093272
2025-03-16,10.172155332755068,0.000725676673457957,0.3172587336081638,0.5676503257428351,0.7815560867458647,1.1956130127520264,2.6448966591669762
2025-03-23,9.12302497389794,-0.03608697096890676,0.5815281538280626,0.7947769444413174,-0.23365861679256558,0.6709649184624701,1.0598204260689812
2025-03-30,10.420961155563761,1.7074422240272342,0.3199086129468483,0.12265670913861629,-0.007050806413393492,1.2387569113736603,0.5957761695368434
2025-04-06,11.45954416935168,2.43462537539121,0.2681226671087233,-0.1299642139934727,1.3000711942960925,-0.23906448016431014,-0.47123340622510007
2025-04-13,8.825437677283182,1.154327064997473,0.33755638551990463,0.5237817024149043,0.7441880413492508,0.5013838703637867,0.8546260330781017
2025-04-20,10.591854803094138,1.2905699318297246,0.7109477318091783,0.7233410960908712,0.9598691332852946,-1.0583382802031758,1.9818795260685032
2025-04-27,10.016856563849148,-0.43079313095337923,0.2991859552262905,1.415853010548914,-0.6199739164750175,0.12415434096282017,-0.5663577476008483
2025-05-04,9.630683648965384,0.6796856607515761,0.3817887872864582,1.466682829528778,0.1742604971239178,0.2954486708231842,1.0063350457997686
2025-05-11,8.527118343611274,-1.5448500544459776,0.3146941518165791,-0.1250504106847209,-0.3440389530072722,0.4949383103017512,1.123356539875102
2025-05-18,12.244942503503273,-0.0030551417474872105,0.5868338131755728,-0.3044022034315261,0.6630144280457554,-0.9962590041065452,1.9196276672667656
2025-05-25,9.820527073643298,-0.28353743275993837,0.7036813302684222,0.642343489499276,0.21157073656373554,-0.42066203971194094,0.5716891415100458
2025-06-01,10.25639105200302,0.6639410270003206,0.5292878031173941,0.5888599582190033,1.4685285918266149,-0.410116237222823,0.5254159012746252
2025-06-08,9.169352691790266,0.5925539558839541,0.11935992508476986,0.6453183689738268,-0.3350813793455209,0.1361435870562743,-0.5655776773724102
2025-06-15,11.454781647749362,1.4633096354852855,0.11400090646589564,0.5678059071251508,1.1313842344578806,-1.3794841983974055,1.939633956514339
2025-06-22,10.937914308286032,1.2244769926880366,0.3547738423985352,0.173564798943953,0.41874889486554956,-1.100346750482507,1.838227308528653
2025-06-29,10.05561524525647,-0.5452687676351254,0.5602405303229148,0.5803004756867041,0.6437694811190406,-0.113085887414604,0.7190959873460468
2025-07-06,9.575246328866585,-0.6066704451002237,0.5140110599463664,0.6589150003114568,0.4188229771830363,-0.414305727868234,0.3404806777814424
2025-07-13,9.827774753392509,-0.33816975611118,0.5353578996810171,0.29050789696945384,0.8859157179501412,-0.9361234710864422,1.509173199412736
2025-07-20,9.902353699313998,-0.6529727062919155,0.27028545712519175,-0.5281979708944652,0.22189842444323515,-1.2220395216440496,1.2372489384813685
2025-07-27,9.87432278019026,-0.06849645766806636,0.42100014642578343,-0.6326334369158224,-0.4725969748015665,-1.9143800712265213,2.2384043308722563
2025-08-03,9.77433567528625,-0.5020810977867207,0.49038438319399447,0.2822238052174836,0.5744706445031803,-0.12599820265222042,0.4242033198434899
2025-08-10,9.59866176223668,-0.29356392704665224,0.6916818252074534,0.3422433264146543,0.4300842182790347,-1.643920102514136,1.6733482899716803
2025-08-17,10.488378380161013,0.22700725056747603,0.38586678719877066,-0.6913903512293411,1.7905848487458835,-1.3102269086295546,0.6396258538879244
2025-08-24,10.144804616685853,-1.0395382318764108,0.20119964959941933,0.5973477191868347,-0.8022754664056455,-1.0796248233198127,0.3505478504439826
2025-08-31,9.401113982471738,0.3646126523384647,0.4828447447429022,0.5154146196861352,-0.2454029028865312,-1.330360467406746,0.48285340622247075
2025-09-07,9.358853338090173,0.009947632635153301,0.30350198311442267,0.6897484898310143,-0.06295486746258193,-1.4871605599761628,0.11563880263515841
2025-09-14,11.95939013583027,-1.4229515182534076,0.6664501042755926,-0.3444403206636458,0.22850904957257867,-0.5629606504670851,-0.022738553698581705
2025-09-21,11.228404364355752,-0.6365673461754056,0.8145848452716433,-0.9485198340333646,-0.1097160665821672,-0.6050093436041354,0.023036609298914604
2025-09-28,10.251016307439064,-1.057532548997463,0.6960155102558169,0.7603852396370253,0.34707510605605985,-1.0238846641369213,0.4252208233621085
